0,1,2,3,4,5,6,7,8,9,10,11,12,13,14,15,16,17,18,19,20,21,22,23,24,25,26,27,28,29,30,31,32,33,34,35,36,37,38,39,40,41,42,43,44,45,46,47,48,49
2.742159791028836,1.9207412744571066,2.0928300731754526,3.210080596103728,2.172070805402183,2.9889348098510444,2.336080930001098,2.951641047580277,2.940372573174661,2.9126060445568176,3.0145071584316927,2.6644044773216975,4.089427119118191,1.459003552889898,3.427646514432404,1.8979860406663296,3.7853440692525697,3.315706592157777,2.898773612734324,2.8321536555355817,3.7854214059302094,2.146957711305425,3.0332644642376025,3.4859308572573195,3.965031502809745,2.1897478403486357,2.08650769137254,1.8620820840021353,2.261480539267642,2.5563774989245807,3.1908464194862107,2.4463660433356096,2.4225463082932617,2.4724208200881748,2.59118745988737,3.69526263047424,2.9667348712731934,3.261273619321291,2.8597514629555336,2.2763172427109852,2.0807938963443697,2.663981069814537,2.90873844528235,2.548112972405601,2.2817049422962783,2.862190483898485,2.2845665197731777,4.067237945930999,2.155575572366295,2.103616625462096
3.4008924956946887,1.9393870919798948,2.549138914360352,2.822412496111657,2.360245986418694,1.7045417467483877,2.034935188135608,2.160960500580079,2.5138332617636006,2.4673153120283686,3.052903969539602,2.2359561153655854,4.463268246845887,1.5499767833277556,3.9488952284318515,2.5013749745570513,3.1039795554079115,2.5487652132653267,2.9990434673261035,2.731658088781228,2.7686861523436384,2.9893035737751696,4.034606091280436,2.9828704704500058,3.65346514063897,2.9946676729253237,3.3240492150114322,2.366199058437564,2.9868914249125806,1.7763555396635036,3.4010988035207306,2.479714463601397,1.9922861506844038,2.875018319324474,1.6985937055319158,3.1376325705071086,2.52663042751205,2.5139710428945485,3.355472551171035,2.501153486623117,2.452050873914553,3.223977045292136,2.3010202227097465,3.0428000435288842,1.969565374736347,2.77570576655925,2.7144856029313527,4.250813822911077,1.8572199941430507,2.0469630406068093
1.6073275881816536,1.508396172290844,1.7941068267943623,2.0197318247478133,2.0576383775978684,1.4654747719096186,1.7188088937529065,1.7705502993281639,1.8066696092212962,1.9826787758273408,2.0272570973147483,1.2230526076471155,2.5507406276948457,2.285060400085738,1.778796093500672,1.7756353212160365,1.7080978915002676,1.7448588633141746,1.932048935039028,2.2194826078270156,1.7007125029598458,1.5332651520671536,1.4072322582766552,1.6740331837225941,1.790620260360354,2.111411695622112,1.7967154271879306,2.151704906458102,2.105519084677612,1.9087344218670004,2.6481742266803625,1.6630516364989658,1.7385591536128984,2.635953705183266,2.1075363566693,2.298261950929121,1.9456070968270764,1.5543569802367188,1.735014236451657,1.8407367625830713,2.339347128735421,2.3418725793024993,2.0151997578643708,2.356867724580445,1.7835131255581547,2.2275230369105077,1.9107536797895004,1.7832719846425225,1.7852398631078876,1.6371546031653048
1.8861230500819617,1.678058707783332,1.9415494854367696,2.1412446268116536,1.8178854365196502,1.9083083109226522,1.5841219183067317,2.1420835539385235,2.4522964003654537,2.538945603397669,2.055865688858591,1.928042232482518,2.1169195770965556,2.1960192280822337,1.9179432128143767,1.9413144321966587,2.2817765568699895,1.9124853935535426,1.8435767491668715,1.7525766076067877,2.4676212273513443,1.4033005088591752,1.9130751367640935,1.8666801020050996,2.525290627212456,1.363746860966939,1.6863793183576234,2.019881890105864,2.3299689190858155,1.852369403050211,1.6686550877445931,2.513416998057974,1.4981597835654754,1.4704343160300821,2.1666412589506625,2.0090160475276133,1.6596610338568114,2.1088918016948313,1.756148029949998,1.5365844355595943,1.4605447240492713,2.4441206651350047,2.0519506494733224,2.0050591610086266,2.260583317834485,1.710665602985471,1.4888463838995807,1.9077762088682249,1.663588441973863,1.8984852793064413
2.5343548000463896,2.0355111190887967,2.053565924123917,3.0073484623179203,1.6164496348665829,1.8056882446715452,2.523150283979641,2.2580261629109097,2.530684599011134,2.1810068222652323,2.7495828999976903,2.4387628052731554,2.9820385233045763,2.136197055466543,2.641526838486297,2.316544916440889,2.199037224234594,2.6981031329356764,2.4390017584059764,1.6198967555435662,2.6394186275933142,2.7474544475765246,3.1070301787475065,2.3165356861341437,2.3072247241767103,1.5489697440424832,1.7287340123873804,1.1416324292789146,1.985162806267426,2.2410196157177764,3.567891915560798,2.4828124296148846,1.7854419366597438,2.8164369141017147,2.4454932512552876,1.9062729252393429,2.748698266693803,2.775022981203836,2.1282392620753203,2.0324525447047717,2.228089539601657,2.3243954582305673,2.2373638473701685,2.5979991551260935,1.7355085441063078,2.245751863357515,3.0914686241667537,2.861272102463724,1.3292110406689865,2.1230430715547706
2.4454351217568515,2.189597881762263,2.133640902265156,2.033971911986383,1.985085039775461,2.0273097497896457,2.4870585162469943,2.369247595331537,2.6379892522730595,1.8489926518967696,2.9213499507688927,2.1279427111502556,3.128701760993587,1.659651738125592,2.8531309124220168,2.114800405166557,2.3706103847431144,1.9264951981631733,2.3742917967301986,2.100754489458921,2.8184727364970694,2.1777162111118264,2.5671204224060045,3.08399770907334,3.2222043683435544,2.389833799727436,1.7791319342456542,1.7924794210283215,2.1612914657236595,1.9843582504474666,2.5677729797563162,1.7298815247907453,2.1594232611027566,2.702094904285041,2.0960235383570813,3.130627515701807,1.8014364706637025,1.9209202779275514,2.0961561527103507,2.274180450979919,2.2503362350357428,2.6158439328414445,2.5001937833905377,2.394378069059392,2.0575009815525873,2.4233161801226837,2.5652039855539672,2.219012369608534,2.3372463394425558,2.1963572014411805
2.870887904648835,2.104859075683292,2.5625875795523863,2.980550691206104,2.260388071161001,1.3936431612569138,1.7753428735166235,2.3851899834865575,1.7613936955299672,2.486400431858883,3.0210376846574927,1.344264770649999,4.248093924780458,1.0,3.4406142036003726,2.6515391531693533,2.176004080752804,2.4198356431143626,2.601445062933317,2.524782710362965,2.46841835414174,2.7601923110460187,3.323307434240618,2.421377432511844,3.7156864944420924,2.282154532109402,2.3756236997750917,2.39294429173453,3.622553214146843,1.9082701203548125,3.7035281401534297,2.4581986531986213,2.056851745781626,3.6419666517064146,1.5198287163614586,2.7996056996277976,2.0866491423149296,2.6679793427285814,2.970051821022751,2.4204337230678648,2.4795218984007383,2.805532876183983,2.697142113599031,2.7315564346818926,1.9814561159190989,2.4195867413769707,2.5720832219860594,2.5198903529938743,2.289141488714947,2.2656835089624945
2.5196296086200833,1.0,2.44965685073604,2.1440668708974377,2.276801247508533,1.1524185160490146,1.6932600481298856,1.303460281735926,1.0,2.47019167310665,1.6620282768504797,1.8262021303389508,2.5776058487366673,1.8384254811107628,2.3071285721467687,2.244321477790745,2.339170255033308,1.6898544987173254,1.93558797804729,2.3689955986328095,1.8988431197031883,2.5385109643241472,2.459773221619815,1.4516632112232473,2.4118393599959744,1.567133278230687,2.1417333361012756,1.6610523545518896,2.209272439913487,1.641090011571367,2.6284910011179017,1.9601629906579854,2.17889038794712,2.0575334791842654,1.2141545568877448,1.9179983147541833,1.8411002935826224,1.5257419047673362,2.4775446740138674,2.2376849778870103,1.8691471467977934,2.182965606706927,1.8451711427246014,1.8730168814909753,1.6854695798463601,1.7213808459059112,1.5597791058886437,1.4217309650360972,2.352308641095618,1.5563793281807363
2.489856892759976,1.3964656738200203,2.097001581638036,2.0214868526270786,2.504307732088267,1.9845038178342085,1.8998240162701179,2.946057262580114,3.006228636232525,2.1650717489278604,1.7076152660823876,2.8274853607951016,2.311227901004393,1.0816755173382737,2.8672372622371065,2.4020617936973734,3.037007239489473,2.4995139468979946,2.4503881681817536,2.2000100595039003,2.79095957373257,2.294791383633833,2.2512433222428623,2.4683029216337964,2.2317046800774887,1.8476650824097611,1.6449790075039457,1.9761766432451873,2.0448059242978847,1.3808687184126105,2.694336211881504,2.772863305056934,2.3420639569676798,1.6739265188020527,1.9927664734454102,2.4417570330893534,2.0733783613075416,2.3747818907359544,2.4651006185729267,1.9450720820472411,2.2651674500393266,1.7444865513376575,2.1408535212533755,2.6884219101401534,1.5144237841259545,2.4441760128503613,2.0001798408291607,2.860339922869141,1.5917089183864581,2.510310472958616
2.2209033507991918,1.8823470026905051,2.092632129087368,2.111717556163618,2.218974247991795,2.2083241808974967,1.736130452229862,2.111544080891174,2.4620286767871944,2.8466941869516122,2.20663211624621,1.9636657730878952,2.2510225147529797,1.7055939784780965,2.236894810897553,2.352196108577326,2.615754472533528,2.2924771649783033,2.038847229759013,2.4174582178738904,2.307173752493246,1.465367973554646,2.0412207283988333,2.6517976309254685,2.821323367816161,1.949009503088547,2.2767721699694454,2.099179056915784,2.2966085887188648,2.537924323721642,1.6510108985651182,1.8708168696876772,2.1030927200322758,2.8030998669827483,1.8612024901581325,3.164533692212513,2.749680362239394,2.0531705720899014,2.211923642589129,2.5617331384982482,1.8686959155097402,2.0263654392934844,1.9780806282511563,1.9606797087776588,1.6430823599583335,1.9420365183198511,1.8531654022186757,2.539584513772278,1.8922256392217396,1.562957617701234
2.902323266135774,2.4168104092963674,1.6423859637837441,3.07951728752081,2.5604501562277098,1.5317708672994494,2.5859366081274664,2.6883157636182626,2.0678439802549073,2.365853194323001,2.9644458021508475,2.432689559839232,3.2978957260310455,1.4669816979728239,2.991367521073797,1.7862836350177511,3.184832175562488,2.2213189895832,2.735476684121124,2.7946419405799383,3.4471810356641095,3.020879147398637,2.8402379151607966,2.732296778382354,3.701166568773377,2.7668407180458345,2.69068370680862,1.786201786808737,2.292415809845441,2.3471608201185137,3.5555623325869177,2.552134205585368,2.302784325150816,2.6421481358476826,1.8885771124967756,2.606016085769548,1.8019799638277778,3.12612529526384,2.5507856870097156,2.0087046484860402,1.8801716232127357,3.427152747021204,2.6686220031977306,2.9603578792410232,2.674115243989561,2.184061916307166,2.7344258689241827,3.3348018576265663,2.328095928952184,1.9711486850443791
2.494114160031505,2.4461216741148935,2.2699269639813378,2.7387265045335254,2.1468298560987304,1.5997285600007705,2.3336045156480014,2.5904290994198584,2.7677714484961053,2.423600181998377,2.882397230257214,2.6422877790897195,3.5193750860356685,2.059270381772559,2.8819941937838394,1.7263977373221193,2.9223384596160007,2.4075813984572245,2.840798855952529,2.3306188581220177,3.27747557021005,3.2316267924547524,3.2746069649321594,3.0210125852122944,3.3159861020202293,2.160591796890938,1.509279830423191,1.5197149427198786,1.8091181237707596,2.79935870260669,4.098857930842662,2.986203872940032,2.064332854634717,3.0322216959093686,2.4473823666526657,2.980117764787611,2.294222439208798,2.93540771798071,2.598254984609175,2.5822264409493383,1.756269290125112,3.005951824938366,2.8082354540292527,3.204300672932814,2.9968538726955205,1.823837511413521,1.881825290609087,3.729982485663271,1.7491605296760646,1.7542561033785444
1.9211628998719803,1.292865843830599,2.1994519818452476,2.6939593747463517,1.7047194310454605,1.0,1.698672130750005,1.9914447959038273,1.0,2.0419052217037637,2.1900668608284724,2.1154694572605157,2.752148065858126,1.5594482463410573,2.91686386055507,2.2856839745265294,2.085803713723468,1.5952359838498635,2.2133206340034883,1.93403899047201,2.0965593701111818,3.1652918898954985,2.4382166070597,1.7155425013959933,2.928826722139876,2.2118857141083823,1.7461609092130834,2.126233580815192,2.114219099753021,2.544150506443002,3.321733316574095,1.9604402894743571,2.5142212494270426,2.275694769585378,1.866388702953288,2.323090369052071,2.132238409588825,2.7384962019404626,2.41515913245116,1.8774480408810794,2.0104572485196446,2.309120238571966,2.739302684489556,2.2734701145442133,1.9011250771681285,1.9947133967631998,1.9491765147618403,2.11934690487581,2.3599250883878558,1.5767696827283593
2.6688414664632076,2.3765597896995856,2.9055993131339557,3.0550803474813564,2.429187066986375,1.7047594116270712,2.0197922814345666,3.149129446063966,3.0842474828270756,2.4560631726096003,3.550441375812584,2.634445387056728,3.4999159676769325,2.3070015396942276,2.8705872343737027,2.2933787769215286,3.452029689230953,2.7182176364420485,3.4155783499988273,2.3353490562760175,3.5714901935476733,2.964653821657098,2.8301931984643725,2.861317859270935,3.1080800004508338,1.8764051778391808,2.808296688480299,1.662495644814737,2.4019928882352333,2.1807454784501377,3.445814627370754,3.0316502836085406,2.5798918892345095,2.5377201271501706,2.592877972744817,3.166014155243848,2.642238707434152,3.4857824460776143,2.759929477450417,2.711170563903387,2.3452006673914916,3.311251964504081,2.772787169044872,2.709239095233288,2.5030283689798534,2.4402411383862197,2.3549781308520523,3.7703809009891667,2.1706952227898797,2.1179175993496937
3.703310436115687,2.860060651138002,2.442625952469763,3.4061460732286792,2.9061557250418595,1.4075227931685386,2.010923141488841,2.8304734343202003,3.886406050775501,3.074407960431276,2.6644240217945114,2.126746258818145,3.0402938784921787,1.0,2.780940922275774,1.6955830826842582,3.8660836361928688,2.9556367625522206,1.998020127747109,2.117530803690336,3.263236227540899,1.2958376294284268,1.6920421485472275,2.8639666793130365,2.7361683819427363,2.0516229565494855,2.8154991902377344,2.5076685493756954,2.312985001740318,1.1473452142682423,2.5145000316482804,2.5769086740634255,2.736815338336948,1.3552938972103121,2.2675308880847465,2.5834265448609752,2.264860891897441,2.1990668422528947,2.4023423014280594,3.216084997727198,2.4293514259903835,2.0702048070617067,2.485958099903605,2.781737648229507,2.515936147345983,3.1718984657473905,2.059541331912124,3.630454267879929,1.8529094180425416,2.6703033182335743
3.0817474652933288,1.9215380764672976,2.001202298499188,2.3536808598293724,1.9963465917014196,1.5800124369719817,2.280892174849398,2.6338075406895824,2.9667590563221955,2.716535835628696,2.0336609545340996,2.1043427044483565,2.319170594816132,1.0,2.3908852734057993,1.3738786115093664,3.1398314532899616,2.616751684291183,1.8586042369283402,2.427375345658644,2.930045527596878,2.196896546375096,1.867840793069266,2.1480067248194867,2.1978400685196173,2.1477109373792325,2.6903715226127662,2.4156953887692763,2.0673888199741324,1.2998374152933825,2.40462730664941,1.8044989298877123,2.14244563560451,1.7931594999017175,2.2376695321458575,1.555835926285551,2.632105731617271,2.2681799374394798,1.9074755182829832,1.4216719940674243,2.216071779532024,2.3684133546073567,2.8198159577866537,2.403759518706839,1.857839110296105,2.424395672692092,1.4956350769130111,2.738498686494678,1.6847577990812153,2.5032567675885486
2.4635604101252766,1.9363899303279943,2.0878024710581613,2.1082438583146597,2.127977839382834,2.0954450046977238,2.391036063558324,2.0079689691367872,3.0358429627063246,2.3729631923019334,2.909554876337067,1.9908396724813202,2.524200330345558,1.81908304551289,3.1679861758909196,2.41152163137221,2.8585471002071463,2.318977420364384,2.1624866490907975,1.8573558794500904,3.052185485926691,1.6528763395996702,2.733847658966464,2.4207168859926895,3.4438704657757517,2.2227369252360747,2.004615497562204,2.719989145048709,2.358432887751026,1.6791119503257257,2.87966467616654,2.849395650020289,1.9499249748491416,2.8567429883978455,2.1723064381874093,3.1217310947829744,2.221775045909081,2.345299569577414,2.1058033354144725,2.1627810456456005,1.9277307727771935,1.9632144025433593,2.46279992613637,2.9380937698077743,1.0632391410356843,2.2392882772024945,2.567155760132299,3.707015753486025,1.8388020038847632,1.881321962304618
2.7233834726070505,2.4297647585876656,2.1366855528953854,2.4925715193643656,2.1885777878877968,1.524710172948956,1.9467292605506696,2.680544100531664,2.0645794704051017,2.438176888734442,2.746212567560891,1.7772542844186678,3.8185528105252855,1.5491659006522402,3.192998258069946,3.7173596210289483,2.8702403939709846,1.930959329095458,2.6422519012849106,2.65620579537922,2.738860332976843,2.014584738471905,3.3731330950558944,2.6155251090546177,3.988124081139552,2.789898312822724,2.443592469309492,2.6949353437226398,2.8079909470178457,2.1771418593590877,3.577596232706265,2.2886596088386177,1.9748274748732033,3.1486380273684316,1.5794414980669416,2.748639537220145,1.6791957415895922,2.7420970493130166,3.4330260946776967,2.087922773470763,2.2478120931142787,3.234754345494456,2.436522108045191,2.794882788016092,1.6202598710526206,2.5382760412352763,2.432446648907905,3.477267313738155,2.4248159748242832,2.842442471333423
3.198890611033658,2.1505689830154817,2.340319531022937,2.5896962716327043,2.35406689181432,1.5171116547959471,1.9066991747403303,2.5916705769979425,1.8582449385626094,2.7557357249054615,2.8705033662264348,2.1464960539807882,2.5080083265485515,1.3247673425068878,3.332767357437448,2.103315502683337,2.300018997422538,2.1286820511015243,2.6734601312655286,2.357361076494794,2.3928050420412483,2.274250639888235,2.4883630429275923,2.2733141425571524,3.24451746140137,2.040356117479362,2.796342840078399,2.595772395570351,2.9424302481638853,1.503277032274436,3.238739618855056,2.4132536206689057,1.769685811463934,2.3474805695329257,1.4849828072488023,2.5979212119146577,1.975090595221524,2.597842110382544,2.8225119370008285,2.387044352968534,2.4899924010228283,2.0150171876048306,2.680983120926053,2.170377567084136,2.0338123073056305,2.8545191752021286,1.7989405552058213,2.6365351970607245,1.9253386519506333,2.180024500789743
2.44521687130195,2.1180486009673527,2.2153053659206137,2.585599133270115,2.503465012811749,1.9815231056466347,1.881613346630013,2.708730413710552,2.016553701186156,2.1082969669937337,2.8724391933724567,2.12273752269552,2.2475670083669894,1.700901157444092,2.558644167351167,2.5055215039273313,2.751808864662606,2.116874608990063,2.6578855701855155,1.9430583060109081,2.6202666971000497,1.625498104366056,2.6146108694014893,2.711589177393782,2.8594332344823226,2.571001328610892,2.324845915968624,2.4803608903391288,2.4420178548659894,2.390965179576169,2.3837955258210326,2.192033049669266,2.0577454901402024,2.15404172686436,1.7907969703561963,2.2420025669871606,1.5569810472088328,1.9608693318656143,2.772988355035854,2.7708066126731925,1.9866723556644017,2.16428610952216,2.233610367715966,2.5547123703357784,1.5548774451614076,2.27652702521095,2.3286282528497404,2.98602674608777,2.1786343411305698,2.293625256859819
1.1000573814001706,2.0047150124584188,1.6674917396890803,1.4502519753279193,2.161646408878952,2.289157473876729,1.6651744258624581,2.136064854422375,2.1349773273938006,2.4104173240973243,2.633715461211355,2.1281101471789174,2.3973184046179092,1.1854549581138323,2.1907850810694636,2.0687317560768363,2.7443932129802735,1.7363026728369308,2.1743341118143396,2.115649097505957,2.0633332098665744,2.3462163698995,2.0602897171132377,2.170643701108562,2.272988490039117,1.6754041521142329,1.8974928659133716,1.9721766362443076,1.9350726071999638,1.6581548146716798,1.8163899493972941,1.9604350484354827,1.434737052061318,2.400330271956913,1.5674030222161262,1.863527476100043,1.5893196489576944,1.7519277099760249,2.2023628693310955,2.335404279343116,1.263774088848304,2.2043992716925285,1.8884879555864187,2.143891879821102,1.8195979931645756,1.712452840604341,1.9271180767619511,2.0182171392798343,2.3320363632502032,1.808973350870991
4.160558414303152,2.2238395067307115,2.373418317695702,2.691645733956273,2.070579183048957,1.2544565869140987,2.037055468582859,2.6788558104751488,2.080197493021104,3.1325184409711486,2.9287507691908283,2.534334875438035,4.482651936475949,1.6209054235589537,3.576560731709074,2.232618637168968,2.6244317431060606,2.3698220791224007,2.8650533192278727,2.1271223968939483,3.0104379249381483,2.5815441019607457,3.043418057997085,2.9483544238570167,3.691562370013747,2.5867595129496097,2.5603174080331863,2.8712084966198863,3.0795059859801706,1.7079314967494146,3.9817680428434654,2.9331998055995565,2.5783944750886802,2.7550067725479455,1.7295023750517837,2.9578772486854805,2.0050667181493895,3.03390208607358,3.238357642621811,2.7746010429257013,2.5438631005855563,2.0055294019908336,2.646031399322277,3.0827188125232587,2.163977615730484,2.3530166546130253,2.7450381294674817,3.3756643686212002,2.190752129240138,2.4675946639295594
2.4506772042231746,2.818601189666405,1.5530188923359969,2.742101981060646,3.198913741899311,2.349288904993277,1.921848284352104,2.6816504507954315,2.837559730778646,2.85571756820511,2.7781806913516,2.8191599420111135,3.1079120602282133,1.0,3.1684234050652655,1.8489124356939184,3.9616960922264437,2.933563056777071,2.4638782511601627,2.088458139152462,2.802131129267555,1.1877746710986001,2.0883938270567715,3.1159862094740136,4.211609899199064,2.991528881968618,2.4229782498734713,1.9984752129013712,1.4654406844412589,1.883223288675238,2.4185883196006945,3.0651555929807817,1.779389111563303,1.318316832001572,1.6462031624263957,3.4190433936161053,2.034187363216107,2.855795257167182,2.786203851951689,2.8378854037679058,1.8997555918620368,1.680009156493592,2.447145483058811,2.1813204873222625,2.386307369482592,2.1184159762033814,1.6030391781518143,4.056536450722202,2.7184200699569203,1.9593483176805655
3.285574047513717,2.149025430433915,2.572471050949173,3.1600840118806524,2.326212169857303,2.018248614725585,1.4783568570046022,2.32079546293673,2.0458388088001707,2.5365590117194317,3.2446810958644248,3.146220555100465,3.309311630865541,1.7474971839451703,2.4241467394663374,1.8662706881993139,3.0937219609873834,2.4525913980850933,2.8441524682338186,2.3030218997688507,2.5152355247761307,2.922476687067427,2.6502837800567436,2.8932053526232724,3.9042884221696754,2.3823368904250546,1.350017349848593,1.5901671142404772,2.5763363407674413,2.8636195003383875,3.041487175164451,2.7826406796178484,1.9271979898575229,1.970794740807689,2.874270131406223,2.410507240146769,2.50580058844087,3.175170953543935,3.379192206581853,2.8802181973373826,1.9278144282449072,2.157453009794002,2.828701605689649,2.584629631620962,2.9066845732641027,2.0825097505511923,2.334768197618217,3.4540919990100702,2.5653041309763447,1.9466722623640806
1.5882147082494078,2.27577017953344,2.1559811623910714,2.3531270241208713,1.4840444921410043,2.2429558530423908,1.9207290844517648,3.1404702123894195,2.5737968368449846,2.1608119885974233,2.989096497509226,2.2258282165309686,3.371060303165044,2.2625164966652314,3.0278567227201054,2.593448672092181,2.6714150500160616,1.9966658414434333,2.8563229201360647,2.4997243482832734,3.196926203477892,2.1247429300615823,3.6032382660291935,2.886946520312178,3.2520668755806463,2.462064489856708,2.1817957834122343,2.194422098306445,2.164974482604862,2.6903815271978244,3.2761527209263868,2.069160994059006,2.035305519415509,3.723423048073638,2.6822111645536038,3.2998894671231254,2.4210994211765287,2.78622785224515,1.9767735886514162,2.047510004998164,2.1233217467618593,3.99760230786792,2.7103813087613116,3.0777823452278583,2.213602044083534,2.7679841956316187,3.023443432742931,2.8545323939136176,1.8822786746557032,1.5668940919346714
2.6655374103399296,2.1132323519754626,2.172688464203093,2.7485238894877932,1.1483186270129773,1.7005094871166337,2.534708463288105,2.35507946010915,3.1492539806847497,2.4058282213872104,2.1799890107089466,2.073073323661538,2.479064619204671,1.631068884248577,2.7903146464167916,1.3114035012954635,2.9718168062341928,2.0149243259353096,2.8650791301069325,1.7759446863417823,3.1469363900314296,3.1759898553841457,3.2077968766296125,2.289640745919553,1.6617423914969307,2.3844943357602375,2.103547457787035,1.8093251715105492,2.1262661879946227,2.2195922814992635,3.568405762260404,2.2404279519326393,2.226646856040099,2.4388615385062002,3.191547027907478,3.3034531851780797,2.8900859276038884,2.7799898460718935,2.3866463694229796,1.868607786008952,1.6623051434865188,2.5404289758134033,2.451562889333563,2.9849648569281806,2.4233755269916597,2.6188906788578055,2.404303648515384,3.0962988070387887,1.5447214345285785,1.956439087059217
2.6149041106974464,1.7194798096711748,1.6005541542396293,1.9880612504398805,1.9529743915931557,1.7148924796771152,1.312236550947439,2.359830549642702,2.1346410853947697,2.306547444528768,2.295429778658017,2.022597838453071,2.3733414737789165,1.3214315570426987,2.3192462664461178,1.7532604838122807,1.6782991203871336,2.066585648368116,2.449800605316728,2.2195170442433714,2.3957062132587366,1.7795285354691992,1.7776367559726745,2.187220160951904,2.2593396860562716,1.842958348461594,2.476166805831994,2.353341893882505,1.9458391221475797,1.456083165413826,1.8485034397302487,2.2418721607898453,1.4289946250626278,1.0,1.3500793366962311,1.745491298185177,1.734993533677225,2.0449329472223403,2.240839542783027,2.7383726952264444,2.0142072113863163,1.4329181258319612,2.2676240487221455,1.5333332167608602,2.21993246130794,1.891950163259986,1.7072558985845911,2.0592350701579183,1.5238091611826805,2.216113295265459
3.0001936326877554,1.9455123953223494,2.0529180994256753,2.992355693161067,1.615126249985831,2.3405165928838207,2.0685655405173686,2.8825719666883276,3.137768385151199,2.460875079662094,2.489118884371574,2.3165604357890954,2.599818716398498,1.369820764597261,2.6852374298170334,1.1529092071930052,3.1459348300510257,2.3969022877637634,1.7985296111343527,1.9809570763686302,3.8528652182554044,2.721330291625868,2.342001218444253,2.617081589661789,2.669481428700303,2.3690014518906017,1.4376183197133745,1.9251372502780448,2.1919645575098605,2.4000188697167326,2.9006972002411677,2.538800555681018,2.3105984221968296,2.085393359069717,2.658813263567193,2.337423874759651,2.833266317773829,3.3089238787858686,2.024486775175161,2.0383046701221588,1.9638652543971187,2.2265951867828946,2.635164044856477,2.8592698004219983,2.5059312044584017,2.756077155041217,1.5801349651344991,2.8848404803221968,1.640946296358842,1.5178762045765142
3.349135213172683,2.655936025670728,2.305691738011749,3.112511766968977,2.0307569107019687,1.340631774605058,1.6378011100116114,2.234622922308196,2.415728691264558,2.695835373373841,2.1389795763761477,2.3747686083693416,3.4800062773586835,1.8074975649361633,3.6231385930006867,1.7782963608243108,2.5489508942339882,2.081041931598109,2.4930629278916046,2.5449238398405076,2.8598790249782,2.634510812609929,2.733712945716711,2.669766759577104,2.6253894769666135,2.933593636218066,1.990430425093056,2.08268090484039,3.3295052294256786,1.6583557766690553,3.4488725361775048,2.423729565723787,1.9514096365143792,2.4678076909544835,1.0876615175242381,2.697660017541514,1.7401836984866828,2.7062301192994513,3.004139730534439,2.9690843713237958,1.8224803592341035,2.127313117439341,3.227272684891029,2.2442863142300236,2.3258380504825245,2.018446108157569,2.2054478548391168,3.0610628690687176,1.7181439416442466,2.2940270652135517
3.0950080484068407,2.0494490248173127,2.307670554917348,2.310329403133952,1.5961383488092964,1.9370999320607336,2.597725983827187,2.593762193299266,2.304210546863311,2.0698309883777095,2.0325914084743273,2.435826260187496,2.6961208296671475,1.7170406692536868,2.2137356553068326,1.6761312185719852,2.786115199148373,2.4359424570295065,3.2240659549436685,2.138361047447718,2.7662127505036245,2.574867201061335,2.9046763252657195,2.403902764383428,2.406513606387206,2.8365249460503814,1.9820178337874546,1.15775437558469,1.2506802816846854,2.721445748744489,2.7945438606311352,2.584915924800051,1.346419829322775,2.1740546449087117,2.0140060889833062,2.7341673111481644,2.446334349093926,2.475220752364349,2.3564038833141683,2.656183591717326,1.61275052300846,2.469702686608721,3.0710122225897845,2.0276451332985075,3.1938490953847385,2.020322902420859,1.9301317700761484,2.536180398374703,1.9622735528163189,2.0392704212553063
2.928020013962364,2.5824040351583903,1.8412649061686783,2.85732587185378,1.874804553232564,1.8671326908808823,2.237642915625027,2.2855961654240295,1.4872960630067522,2.488750547167687,2.7941645037384006,2.441226586576354,3.545616918082334,1.2853291706814254,3.178012211246144,2.508885433781019,2.4278043697622533,2.516965883199917,2.559263485499085,2.2946719950778123,2.9348247357871466,2.463436298921394,2.68815649025019,2.7309488841893645,2.759629531474431,2.1147600660226735,2.441351036999968,1.5685283986230845,2.655146440943648,2.1707833697874444,2.817915213764748,2.3335589324598236,2.435947979324476,1.9945852651700018,1.857237997803828,2.7827419266881286,2.4983107462775695,2.7134742908778136,2.665809279228869,3.02221841622972,2.576493444121449,2.698545238439956,2.5997433120154927,2.4260442045118964,2.0931984225959686,2.4196611441285736,2.396540472650146,3.599245990615064,2.2057026010981793,1.5672607419230007
3.282444759820998,1.6645736169823038,2.3218681847461875,2.890681603511892,3.025835264981196,2.586791114414584,1.998334495057278,1.9562418696319521,1.8239982799908387,2.883674796828624,2.7731197125830076,2.7280305815874373,4.023112464796955,1.6580087552961944,3.7721028415230973,3.217880744796579,2.8189189191286075,1.8392463362270342,2.5872876972216803,2.0422837714338664,2.6380231256599465,2.743016488761682,3.4225128336669064,3.355679379184769,3.5094431191933677,2.614029587900443,2.57939052847635,2.5070541815728826,3.418892244625957,1.903878389624143,3.6460231330663113,2.551237883241844,1.7440339636956508,3.0523895709583244,1.6776035391824893,2.940645122105666,1.9096664643122416,2.561553461946019,2.9691076737036264,2.1987546776957405,2.748684992925575,3.065699047224275,2.59069711536049,2.572106616889096,1.0074425878025592,2.841893197842089,2.4491881301108083,2.878727064259966,2.205747030564047,2.0613512267235494
2.8216800705283003,2.1434099695460116,2.5459480023833114,2.245645911039474,2.7038957372372296,2.033721312557404,1.8426526717864387,2.179342069624694,1.2977277306693522,2.6569047645340715,2.7279138675502437,1.837818392279931,3.289692487925064,1.9625681483895836,3.1835938391687595,3.6484904745351967,2.6525151876050796,1.5003292291840675,2.604982648266342,2.7040180206305973,2.753069217321935,2.2467656411739574,3.396035036172992,3.0922253634932906,4.132974033021275,3.0624333637249435,2.545864534275762,2.044600791192723,2.7272908650720344,2.171424357392996,3.2329001924498133,2.2863398375156643,2.3484527107479303,3.2386172117342977,1.5827162770359555,3.0229607574270925,1.7621886807979354,2.3037987205944677,3.0239606708503937,2.589849068774329,1.6328544285226347,2.9759732110131365,1.9705625358464114,2.4722365798736634,1.7996096674587105,2.056371745731239,2.4586743933755604,3.012287647464113,2.2929289274692115,2.0325344863366657
2.6861756394322818,2.1748951291572665,2.41865389175072,2.5925579106518724,2.8238721967772475,2.385537896514437,1.8823403554360112,2.721190920872427,3.165546154482006,2.3382819799418058,3.506631972118688,2.857285605653552,3.3933199436976573,1.2335680617025013,3.6481143471870663,2.654476155071152,3.400059374948513,2.497654986915388,3.03782126089925,1.745225833110514,3.5086470588467575,2.630739239263503,2.8893525456800626,3.162646767785428,3.247432787537319,2.5431714125485776,2.839733381217225,2.4650122850398173,3.1853191978208537,1.8750677416243005,3.45737279977166,2.4751010945022416,2.3948720847898266,3.038466602332037,2.304489190770718,3.0749334339795045,2.3622993651097732,3.0254360338597865,2.496154734775835,1.8728503018212819,2.951751338006682,3.525632210232358,2.204142695686926,3.2406857937659446,1.7491232009331206,2.864133816567913,2.6528122352226107,3.4764733633064506,1.5771156523206946,2.0234079998849754
1.879859584236111,1.7553306106337967,1.9563943525513288,2.123516043936518,2.360376307463127,2.55083688849668,1.7164853096734838,2.3725794855091777,2.313723977865463,2.3637720998863307,2.5713195890445433,2.430550090227852,2.7626484162481213,1.2958489191688136,2.744206762674186,2.550121610923765,2.605455291970799,2.1792343639453478,2.797061614208956,2.0616072159139156,3.0472082677853938,2.7709887302519975,2.327465198735199,2.1061256318501993,3.1771618068870873,2.6624953438720236,1.9414104012626061,2.24117815784976,1.5540775621980973,2.493877451489952,2.3860297035628086,2.8112986489622505,2.620270522413671,1.9395562484301054,1.7108776650311586,3.147230644250945,1.9518816838330937,2.4456748881045103,2.40230324851291,1.691763713628919,1.651191477660158,2.197108771929943,2.1363003431705336,2.678772463215021,1.864202363589632,2.3267050561596365,2.0941487505016547,2.852807434054712,2.4768902652165075,1.9055022580381207
3.0458165810082027,2.468225286501431,2.6109185714864487,3.2894549606418906,1.8694615711570546,1.738320607022977,3.4460478311326903,3.0580698587921193,1.8030489312521252,2.2579238446025336,3.897799200789327,2.784356500964195,4.591118446074176,1.9144545134173157,3.8806532490546397,3.4135784438480514,3.748563788096007,1.7983070377527541,3.7730965031711245,2.5160811894468393,3.9219114555494574,4.582841756030392,4.6944799967688295,3.516407786859058,4.928233968778917,3.547421895227888,2.397944959858799,2.2003516205872495,3.5249235710371547,2.6599941445548683,5.0,2.8096396536253025,2.6217180801467874,3.682745379536005,2.1231844610152613,4.075686007705476,2.6667454684055283,3.7425888264603797,2.835871714614794,2.6755085484746615,1.7091257144141307,4.0342103105589375,2.9409611780110936,3.332295905666063,3.3895777799207027,2.8687694101666064,3.1441863001414347,4.190136589076623,2.8312707107779445,2.5161307538322
2.1441203050451243,1.539770441429408,2.671456994276602,2.7213981034635446,1.7072363396929684,1.9628581187191787,1.2976078390290637,2.4512904215055977,2.599179154508926,2.4199533833985627,2.095839924423355,2.2640981435131504,2.19131409471216,1.8156042514668784,2.115672240013112,1.4744436709743238,2.5719232935981813,2.6368741527974224,2.7493382919160045,2.065613668626511,2.798072856494764,2.0915495584387775,2.395039824278016,2.440376822619531,3.359310309916703,1.965023796644763,2.176655407255578,1.8131680348868666,1.9984892865360346,2.740746656423945,2.923457163667872,2.4602583824914963,1.947275919921991,2.231962048272514,2.6478576781537626,2.23414396703575,2.0258386252652323,2.6083221563697587,2.2108212396730496,2.407258213507577,2.1077279304380006,2.009256463716787,2.4238079985897367,2.4950702108599483,2.785342605157261,1.3812926318578402,1.8949541123228872,2.939557245883801,2.2768758777917766,1.7107090665317068
2.2169131748809443,2.16207317773976,2.1300080708553324,2.0252765005213247,1.771434308548524,1.5090910477546158,1.9108787482097618,1.4554327450639186,2.794558386567215,2.608034257155123,2.5937470081209297,1.710265032371421,2.743622784545923,1.5910568372852598,2.789955989468944,1.9656374466492519,2.16976193479152,2.230770725298758,2.322006868251415,2.3600665852775298,2.5914183233778303,2.4933336166175635,2.279977493723679,2.8425347021461715,2.4643100464929684,1.5840234908376394,2.6462718009523347,2.3272108433007723,2.361836282400857,1.4287265552194301,2.8056963598790925,2.4421175989806567,2.1125773041611424,2.4006905514059373,2.702161369104845,2.328849868270513,2.3010805424807392,2.6137463009095194,1.9462636309871926,2.253477370971359,2.9001853543912817,2.149116647640903,1.9900370611208174,2.390058760213651,1.4852506422726686,2.0889468631533554,1.944770510104847,2.1150546932622905,1.4340667453556202,2.395409271158779
2.325410139741036,2.355436612882357,2.443051550572265,2.843838557965224,1.9391221743939777,1.9145942525338395,1.5902649587351734,2.2303332468012975,1.8305748750574202,2.4947238715544797,2.252619142886855,1.7970755767410362,3.509423486308277,1.3594774912632002,3.1800867958216767,2.24459399694927,2.6199710576732738,1.59442907680189,2.6790190428853817,2.3723509496262345,2.1672148253641272,2.6037792087913885,3.0042165226279813,2.4134878246167752,2.697645542178866,1.6557373671442264,2.583589153072035,1.847096438182237,2.801600956399198,1.6849877651461145,3.4649539845907085,2.2707810749466737,1.9917307989063877,3.088041671264572,1.751765816274297,2.61211337844324,1.971191828741482,1.9048304246933825,2.7855424092982624,2.3527417565907656,1.9862637819587043,2.687190077669653,2.2522880359091983,2.495676342051894,1.8249068878707866,2.7567274919483937,2.772387017777841,2.3839670369272037,2.065181590134356,2.4322733413073587
2.446961066280566,2.349516468096411,2.7386708245338447,2.5511030458737882,1.9920997351388978,2.2410759661414628,2.2088769878445405,2.350922653539901,2.6470683989143144,2.6029643040369117,2.24188753522843,2.6142403082542045,2.5599444575181645,1.2687652479957572,2.393401843988003,1.0614124815374946,2.941727362156065,2.5578813169117716,2.1849398354339504,1.9414364723132924,3.3105590809961405,1.949203095465208,1.8843827557830648,2.9083593256474027,3.1704907259779413,2.0957659180339014,2.169756251429438,2.1774681126749247,1.7196521855440063,1.944491065525408,2.73795811232164,2.7942250617828246,2.219962062890454,1.8245988516113485,2.9727181385127954,2.321426726373341,2.284360860881098,2.5249512153476044,2.563785224100422,2.3846710349439295,1.9869676229379585,2.4253559007098704,2.272213686748642,2.6072427854092566,1.4075930231554747,2.11393306909171,2.1305299464334126,2.3955588422790037,1.8659602551989478,1.8559511155751862
3.6117841635660106,2.738947312501459,2.287686612788739,2.6041884836136084,2.479364439965266,1.981738562600374,2.1629550049200845,2.4956830025387644,2.9818003477229693,2.9359788747613647,3.270520775479918,2.272677808891206,3.583105628090522,1.1340572368324995,3.1371071805253616,2.2941917935084555,3.505450750664095,2.8127135024817966,2.631093523282855,2.0307708527520725,3.2102443687282256,1.6844578679106716,2.37507961910296,2.625572215328485,3.371063872251952,2.2063820343116323,2.5114645973203102,2.1949699441760075,2.4762320002709175,2.058059233459145,3.022740869297007,2.5724904650161404,1.96705624208704,1.9536979893106627,2.1902121104348335,2.9186460118599857,2.404126219310813,2.4634832174607406,2.5724725425824473,2.669237201091132,2.463898287362202,2.1766741200224304,2.546071544121231,2.5972093452712324,2.1678336495879877,2.3944739512517854,2.2489238944672048,3.0373895780813087,1.733091069163583,2.354528620327134
2.936929619932326,3.0116048545202685,2.538274926878984,3.240078525132173,2.6159964899617107,1.6269520299860918,1.9812627857637835,2.389751687876117,1.8361393159434347,2.662347011641006,3.5691753533081916,2.4910933644601965,5.0,1.6788220097952609,4.60873834061316,4.011471294546098,3.908387134158854,2.5054217074640377,4.007341366783646,2.4049418753581646,3.5873585672426342,3.579854438129668,4.591960967001817,3.1146832486372085,4.984278664826759,4.131472963019664,2.9523430041227785,2.0717897985671523,3.1838822903732926,2.817017107500811,4.336992798977351,2.7564708828875255,2.8158660343865494,3.46694221267073,1.4443182022502379,4.224686990597671,2.5661454872997496,3.917539938340677,4.319763907393369,2.9137104542654524,1.8613181695401717,3.475284585011068,3.4590829983712714,2.69124613181184,2.7765120978833346,2.182085461451126,3.1406528443255075,4.184171460059488,2.846402945389265,1.6882653493985271
3.1900344846832844,2.5290560355995853,2.258316855622607,3.0963470948560787,2.9129317113532442,1.8092740323341265,1.9326052376011549,2.6347975319987094,3.3265162488116915,2.9101677114097626,3.1165886270644076,2.716648475979487,3.5391608647448773,1.6097470619634853,3.6450647368039135,2.342451842583438,3.3142135964653363,2.4065143542617533,3.228666758760036,2.7112077877167686,3.185835986342918,2.5828333304715683,2.4396193340579755,3.1099949355212644,3.8435400667664466,2.276967099720581,2.444354612401847,2.149352516468272,2.9533617745513383,1.9370107487622807,2.889158819555332,2.2904870013923846,2.195891298714881,2.866920789959617,1.3816226983244695,3.055615493648632,2.3905446613118837,3.4937616351186644,2.942655613573098,2.8780734758546602,2.444666193242102,2.153448385565483,3.0695355849988997,3.1818826362276886,2.395475873997058,3.9181334120508664,1.8141015241062908,4.355762434249194,1.8711934589189565,2.3677144156858345
2.428773136196706,1.8692383242367265,2.0718648725980464,2.6818444723938475,1.3509989667422455,1.9593054341681497,2.1432298230785647,1.9464715173724934,2.1788205931723974,2.4650728169321563,2.414333349988391,2.2629637643642364,2.5384613300692758,2.1135721758385966,2.7723963610753843,2.5157460449481084,2.6435692228751213,2.442539140576575,2.62915717576763,2.5286818793479506,2.564041667337002,2.995733838183683,2.791366188183634,2.5257378383896802,2.7553062521139142,2.4335555138274567,1.7405651466888836,1.7439368028793059,2.624383752110064,2.582903485151408,3.411815990973505,2.227286410183131,1.7750517082416386,2.802569808002663,2.5852284118461637,3.0267406588494903,2.112063378811373,2.5427721423522964,1.8329630287663612,2.076174819150784,2.137162831414103,2.6322165352449183,2.565186207805909,2.564905657844659,2.411879141968851,1.846127376263833,2.4808613227932055,1.9775758104338979,1.8101887786249637,1.3462421792369792
2.443739709470322,2.1151200762578006,2.5695720058904286,2.8813256531219142,1.0,2.1045861232760696,3.147866614216512,2.1497290660044084,3.0094401667580826,1.405830491062627,2.4154987809147266,1.8271729029737696,2.3677787083373163,1.9528347176196033,2.6446140387037014,1.5605701854962084,2.6021248771925727,1.9768943042142917,2.0289580733668027,2.019028471176764,2.340319813539347,3.2537502159177087,2.576348325732692,3.1107649056848548,2.6129497764798995,2.275628571224492,1.6222441276677708,1.2055450181463478,2.1625642691126417,2.6422468417855827,3.362452460621662,2.69030024710448,2.317044439291868,3.1653787890488405,2.5140003918577527,2.234769555826692,2.5008547659020888,2.593977602804852,1.3902698453811795,2.4537931073622596,2.227307267687018,3.6813168537679464,2.280547290318239,2.8275316893192226,2.0113801737615935,2.3223749061712904,2.935297922556644,2.305128327809874,1.5856337223124304,1.6654698203024403
2.3374696280605325,1.7751481998095735,2.234443318000668,3.524112567499885,2.054618247591693,1.060042630758375,2.3361201563689638,1.7834734261495804,2.318445322941895,2.0382451498834646,2.5114515091886864,2.577754299185977,2.743031135073937,1.4557118274089509,2.7325594171826455,2.3497598133040762,2.170443692538954,1.4502002106629233,2.5301916733515664,2.5136735946857427,3.0501767120441023,3.0661722914821845,3.0635097988521247,2.925771094649878,2.150785947981592,2.305044244740656,1.9821398212884687,1.8570422516863547,2.342166324714138,2.1341252873037764,3.0169718545169983,2.2545615388270615,2.145328896451053,2.2949171139368105,2.1824473199766863,2.514998451040307,2.1309167688693837,2.8271957770234564,2.418903580670571,2.3607538567368453,2.2201318214325734,2.796164127142928,2.3444584394859684,2.8439082523132693,2.5906134235954554,1.577645242600164,2.889572908761192,2.840249731811988,1.9715370168944055,2.2729194739728316
2.08225275749626,1.7624434578345776,2.1734373522646586,2.678847871332477,2.735223861611333,1.6008175748973887,1.8030930846645055,2.2450133294949306,1.1103713121704337,2.266594446181251,3.011674931767564,2.163726158884752,3.6021355470647087,1.665826764307102,2.8514835746651617,3.209903340366929,3.3575838164931033,2.06237527442998,3.1436927544089146,2.7419890283565156,2.4722829607378825,3.4475997552775506,3.7658140162436866,3.347596454799781,3.500576643648494,3.430461256098456,2.5321586771037734,2.2074575623597195,2.7235046399057574,2.3383312574074555,4.294118448589893,2.5878504397183995,1.5382261934203383,2.810129039820317,1.5249955782629083,3.3525606763631157,1.807820463273406,3.131022315348949,2.3392727869917556,2.4629033061074037,1.338709633241069,3.5526043914541323,2.4840123984531757,2.767097858679114,1.9659121248352247,2.653717841359364,3.1897538996025987,3.5265895985982914,2.407477458190239,1.9995108670307622
1.6475604250093805,2.1710973579010897,2.6348234377373956,2.770085111239266,1.3287292151135348,2.0121933458484524,2.0702672648573395,2.4466995024218825,2.307695048270101,1.2973146767802413,2.303019155953158,2.0310229984846195,2.4315633636285168,1.7926622428812373,2.4472026669671503,2.193078771143702,2.655925695475438,1.874286781183076,3.0826914352346435,2.6360572545279832,2.799388441935959,2.777240566051279,3.2597777889103585,2.4206077860988757,2.82024045154998,2.8271805914109116,1.0,1.7989180035548569,1.8221566772622755,2.6814582305940866,3.133249107989886,2.274982038492395,1.5123193943043114,3.2359907601409614,2.4664088970179665,3.103229219462764,2.5376147188257487,2.292381239106162,2.19754654539389,1.88899154293832,1.6820150933421103,2.6486640230587652,2.2578534183482013,2.3612351179943443,2.6127517525450945,2.2284557495533512,2.5454889431940155,2.6848173420499335,2.0631115665276822,1.30814807830267
2.73728167141706,1.9967674676437819,1.198550188801205,2.114612995633468,2.0864891814788225,1.7030796362348097,1.4638377424830447,2.475026727029318,3.198674604524663,2.5635720244950218,2.458692459591468,2.433940957558405,2.5481143886211193,1.1587677707398263,2.2025000416042317,1.5232667183133366,2.9271171963123086,2.406941121882539,2.4225678058959526,1.8315070821823825,2.507831111723068,1.6987837687524177,1.6530955583749876,2.8768702954580205,2.803990442924868,1.9366666023836747,1.9316712971745038,1.9595764789456296,2.3901777065029153,2.0573232363904554,2.410406909911227,2.5592771003040693,1.7972842779634577,1.8021394150183119,1.753601030249586,3.174612215719177,1.9189687452345916,2.7025810246313853,2.665929403434462,2.910723675460926,1.8572766342514067,2.188838141013334,3.015851811626089,2.1459106467355906,1.5813043454146194,1.7328683903042608,2.044992889227076,2.458015560577887,1.8750667738044897,2.193868157867367
2.865102349413717,2.399577253470157,2.1546766053023028,3.190397773849533,2.1898480023752125,1.979364928343684,1.642899874822269,3.007212784677088,2.9194334894144958,2.672623458704857,3.133278329737091,2.1751172625611557,3.394965092745965,1.9550417849042026,2.9998593015057406,2.5775713831714504,3.028179084260296,2.5009117144889963,2.6702895905449773,2.552850271392703,2.907108897832882,2.4363433667175003,3.0843718741893875,3.055866509404444,3.5487649188684216,2.3712368872752974,1.8725352216656288,2.0636125037556683,2.222757923462683,2.3594680670937938,2.757025673760858,2.0017613246643764,1.7760359960373546,2.3613985099832995,1.68468755808302,3.1684429067929485,2.7622291907573953,2.5812098816621067,2.973142710413694,3.098142567813884,1.6791597032832508,2.9793404627235462,2.1905132461025816,2.8377471890493213,2.665581003712454,2.41588763554693,2.1837880136586265,3.3136855643916134,2.43452030621649,1.3777509990032843
2.896310748294016,2.27184227923237,2.477125590967861,2.6002578852814717,2.8872046462370236,2.4670707827606217,1.5583269412934349,2.35032218812928,3.494450215557671,3.3203418394937896,3.0933362282813825,2.4859713813295636,3.133332682597771,1.47286162811909,3.3196618780638785,3.197255205525109,3.1804840693646375,2.314411867485901,2.80831721028523,2.1806729282608517,3.0459375040173433,1.0,2.4777386908836916,3.3289696235929687,3.6402549506104234,2.670003317722176,3.3540533654117786,2.720341604723921,2.5977592191638337,1.928670388230188,1.9855557554182484,2.7067676442045556,1.743507282771657,2.646371708702395,1.395383130885046,3.7763775882868456,2.2002840918909725,2.488340467906338,2.4337340290057607,2.3759988255500106,2.761755784633633,1.5693889515327113,2.8619769305037446,2.6954479348748634,1.3937546468195254,2.3840970243667146,2.474074596294587,3.258310923639808,1.6979931800033459,2.6460691108800987
3.322341884211969,1.890438072165731,2.36214988396366,2.72078476742692,2.9180478907126184,2.1191428015944886,1.8848844996736667,2.516035461873015,2.5524993693187863,2.6818050842699694,2.4275089023637344,2.5405848825446316,4.236262542127564,1.1210196172189193,3.2566801435716166,2.6937297498798283,3.0558572682343073,2.1311062210456018,3.1785697367271757,3.1719490826947645,2.8761653011669037,2.2147179999768025,2.6058026239648147,2.948329018475952,3.8283803553558786,2.7062486439908473,2.6573437034728706,2.0129076122778815,2.4441559319999864,2.1183601199917153,3.8311955122108867,2.187036447258283,2.599456932101354,2.5274119618364903,2.025997593955263,2.4083455455966747,1.68288865711023,2.8132780390948087,3.3733678192942897,3.3526093062934565,2.4350035794548472,2.2682498632858437,2.3650839025153676,3.042868751679143,1.9564083433223416,2.8239104506017756,2.1757823896313657,3.8789360812626485,2.4005920668019227,2.0876940203199617
2.1525378873531067,1.6639301346516024,1.8053531932817461,2.15614426275956,1.6696446042856132,1.260853198339421,1.4241336384590433,1.0,1.2155976628490088,1.4374924326522598,1.0,1.1788991678241185,1.257456112678787,1.2697305803689596,1.661034073324418,2.1370989957957347,1.2603124882318237,1.8352167823703418,1.6750830026224464,2.017127314350531,1.282649425262727,1.7864875062983565,2.2735602851525996,2.0097357488060097,1.0,1.374135439173876,1.7111806752480911,1.3090135598849224,2.09865985332395,1.1701532800835222,2.8501607824305304,2.0138771251913705,1.5825047643374455,1.5799017056385822,1.6880707254047282,1.0,1.3088172605187767,1.8268881073556964,2.4831841754354884,2.124612841380626,1.3902104226142877,1.0,1.7994909487807906,1.613730275752013,2.4762441779211284,1.0539348830813131,1.669301592957375,1.9357166821174825,2.4084880830656488,1.6531692477259077
3.1204516592505525,2.1451357207294146,2.1365953861482514,2.581482607955287,2.6167882048742173,1.0,1.6133066548911164,1.9803881173289024,1.4169384628893777,3.0631995555114355,1.9971355133249171,1.95792434748236,3.7448438046854755,1.107860664705126,2.8230691028240993,2.4011745113230165,2.5146047174896755,2.1185593508893814,1.8532076885844297,2.100858970815913,1.823146172549008,2.0527597905647066,2.6311074645449612,2.4507836365583016,2.182428449667132,2.4116376679197025,2.7835359828371065,2.7252407897791215,2.8896305842812273,1.6771105006737683,3.1036994340660846,2.659389003977643,2.0714263238392436,2.0000724334998767,1.875061588414659,2.3064902586313125,1.851501598437926,1.9117238436511435,2.535399512510808,2.6019806949880806,2.3946501916326652,1.568369733400417,2.31624977246331,2.6911388952815742,1.9805067417101525,1.7383984645185435,1.8532162873073605,2.334700859480572,1.8487065039537365,1.999842364468301
2.1886355951681495,1.7075354011243664,2.333481829576789,2.2592483199499815,1.0,2.616581355841518,2.9377248813827475,2.463754025469631,3.2174576990470674,1.8034833392765615,3.430451610581968,2.858314501703644,2.7263359322495475,2.187471640669362,2.5072992817346047,1.3184979598742896,3.028580713923405,2.49075747766433,2.599699793885342,1.8863699461386032,3.2445420878619515,2.522604415318994,2.659902304448277,2.497203187254269,2.743367055166545,1.9505114079103907,1.9720228932170958,1.050278388972292,2.3059011011570525,2.921774828195472,2.730912074838236,1.741000025085555,2.1151045569587557,2.600690670580235,2.580450934403593,2.8067622176400784,3.168677646970451,2.933495805833345,1.7599736088385474,1.6180279179040857,1.7071353430396845,2.9571781499428513,2.5986374042265608,2.693925277213676,2.5391180026865094,3.0237104491545015,2.738301064845349,3.165791283002468,1.6722836187416141,1.781166552034799
3.242390659144531,1.9084610757913598,2.2740292625485488,2.7019340503421456,1.9911763814900683,1.3084413527571304,2.11395858185684,2.341444152360195,2.5810508324923966,2.180373009989073,2.909847631772821,1.9815216310741781,3.4539495561322,1.0793621305120171,2.8975132377341204,2.0534979440173666,2.5783324694192586,2.519886851639049,2.9032818926846966,1.5066691778825572,2.8619040636687436,1.7165016418092138,2.3134577166071644,3.0863240866060986,2.61227270695524,1.8844163609084252,2.1010583775176968,2.5228651552270893,1.8162129401398124,1.6023190244508498,3.4892937960540444,3.0047728865357097,2.0225176634825326,1.7985694524602422,2.748816578128298,2.896711936073784,2.5143565235715823,2.40778551993131,2.6103121563133005,2.4131851683676895,2.192345732043741,2.689100047085622,2.734509843617971,2.2921255029108303,2.651362554050552,2.3432023834134728,2.347914189363072,3.4012639848764774,1.490029866704615,2.024004765502981
2.5335931412755457,1.5347031547512393,2.7385553778978213,3.88583587229455,1.622429551496648,1.8361203023929191,2.54185279250506,2.323037736208048,1.7863088900118314,2.1812728085572024,3.54366545047003,2.147815751360602,3.6798176351278826,2.258773687178074,4.112820044218563,3.4897903811258035,3.1833725466640215,2.4439051638957334,3.5182946830528774,2.867224093991412,3.1946707971204735,3.700951289810875,4.350420903064361,3.3791289330873746,3.8948994473359524,3.1322113936726956,2.265967032342721,2.1495977842681167,2.8648177929444683,2.214319199970097,5.0,3.251981058330604,2.960128152134055,3.6495364846815836,1.8986599085313693,3.333545171761063,1.7965654841571674,2.7380276359267968,3.355636886475712,2.2507221221459033,2.494164650743756,4.37858835789793,3.3893312771066997,2.7228313290447903,2.4903059255854822,3.0367613395437267,3.098858320677653,4.12342000590821,2.4216587207809095,1.888505799929157
1.7943784394484883,1.7318750465627748,2.5054880368272068,1.9802724377569532,2.6277337418671785,2.0072369645974906,1.3896130823959607,2.4657212167404747,1.781624017650341,2.230120056225502,2.4970192702414766,2.167691037531568,2.549379854466185,1.5196564480949442,2.67490945007623,2.7033691233298036,2.3653908683929723,1.9236914999279995,2.703511097412649,2.207050449412992,2.0286176387729875,1.4110756811369662,1.4859141776488562,2.462064422750769,3.6838891062689547,1.8920887368212727,2.184185045113076,2.4512350514013073,1.6236159737884515,1.6881661985145595,2.1242352399296727,2.0126770777331853,1.981265845215329,2.278463185110888,1.6672406174403422,2.8778713974099612,1.7525921651622773,2.2398961285161847,2.23853492942837,2.280252834694865,1.732425179961309,2.001885034159461,1.7957579120331753,2.003179057683165,1.5311656541459093,1.8172681898966847,1.9536780029405045,2.8019502119577275,2.4072825939987372,1.8179635575716788
2.747806801508796,2.3076574455908605,2.2339304406910583,2.43060587494683,2.2991729985920952,2.122067124263693,1.942217540187691,1.8898047753268266,2.434267401066663,3.0249260532180067,2.5335087220631074,2.1373303460762263,2.9356414966826425,1.715165226736919,3.0454481564877582,1.7049186075035943,3.3441750869846993,2.6163541713339056,2.690525516420075,2.362656792998815,3.2603808265274745,2.6053478288489447,2.362397597691857,2.92366220815626,3.144454013514784,2.553103106691982,2.0618913375655636,1.6770589300543894,2.4193560811221655,2.2595396691980008,2.588824244128058,2.3535796694567446,2.1043349581791384,2.400539757778327,2.2194849423768277,2.6158856047019072,3.0471973595512205,2.8370686090752737,3.0821669025580283,2.5194544373794354,1.8990178495902879,2.549504766412308,2.889775919916682,2.7930081488292933,2.764185591527346,2.0522864028445964,1.9928461728874125,3.310756760209069,2.4893133215562644,1.8241739855116783
3.346666023746269,2.6425917884739065,2.0411033240676604,2.67075664939493,2.6117996830637464,2.1676812008530257,1.6713601782364702,2.961620452867306,2.4861040765704465,2.7850102300302444,2.6287032846221177,2.1108656508984542,3.756467240816224,1.0,3.693903559338049,2.680525550050335,4.36061388251183,3.168123861519307,2.9716743575031,2.3947211957063144,3.4270563221430814,2.7699161909611876,2.587845752222976,2.547140334487259,3.716950814488819,2.8630464316222035,2.8477865324757854,2.5812728232439954,2.3167835288932492,1.3840153008293203,3.6434842117080817,2.504955177554147,1.6394399557760853,2.56012489893463,1.9709460956657492,3.2298356512650357,2.063321632691715,2.8704596766722843,3.0189867488888567,2.367051371642643,1.9194581110315585,2.7520587437737274,2.8059894782469463,2.7842156395748643,1.9627951567345634,2.418892653340274,1.6967446040830572,3.733135480047722,2.7429388934502574,1.6804474176895545
2.100754889490512,2.17242224424999,2.4738546240983728,2.244429554763081,2.0894241955443293,1.6526033649322303,1.9989920189324517,3.059906058797421,2.5965027379868517,2.405521861996371,2.9334764387665144,2.3246451368989676,2.6515913402668985,1.8188602691081108,2.7673228164179546,2.423539306093608,2.8440742986391307,2.671953405876288,2.9594859379131866,1.9547256908995336,3.295908925487556,1.780163094491216,2.377115357372297,2.5522480549835453,2.9314643740521404,2.6469144343556072,1.6704573382823322,1.6263109178170045,1.472659358355013,2.2734090792950044,2.5552325707807557,2.36913272655045,1.8499278579763458,1.9980220551939596,2.1146745264388986,3.0255578588769545,2.2964759842256695,2.3148993724329703,2.5186001162065477,2.723133714904123,1.953518578744717,2.4529805127448623,2.4718866275552918,2.3530914075017533,2.204964560153617,2.197326960576145,2.192542800155769,3.31086185736246,1.9434276549301144,1.6059962868291164
2.9425885007984873,1.7307619618784642,1.99786478674445,3.0013332582670786,2.260248816374295,1.907065287959578,1.8397972245480048,1.888324983937583,2.6470358086001413,2.9231914812758037,2.446206907622045,2.5323169208991922,3.2021278657729417,1.4002797550226709,2.855003027214332,1.6499724255273636,2.9836488493914937,2.5067679176708424,2.574748931198134,1.9796201742438777,2.7170863748217196,2.449865187309115,2.737616746555217,2.9040115111160145,3.0357080225937705,2.693989894830992,2.2735450675233158,2.3371880469421673,3.0869632865242385,1.8616957939020762,3.25512893371752,2.4993451745907183,2.4534716851939136,1.7489573843336557,1.5848179030616345,2.466758379024605,2.6735730009145513,2.954260634411473,2.789841760924583,2.692321409559843,2.1601931780490395,1.9181205878051077,2.9660133547522523,2.3420670847699494,2.696149096556273,2.654077145202084,2.4201629284992965,3.182076470039069,1.887521860473052,1.7912281363148737
3.088713579126206,2.428164318377182,2.91633073585701,2.9240613867046155,2.590931653195387,2.0445098711043608,1.6060953560281093,2.8958286725341917,2.2344444855688823,2.871338694937498,3.3133030144924667,2.4220991507411633,4.198791760079273,1.4098977214986672,3.700832542940492,2.801806930291771,3.8280012816073707,3.097753438010155,3.463940397482323,2.9150267187326304,3.1098286509808566,2.732934590685626,3.3194316715489856,2.9959851980735044,4.204307462795972,3.347749939197495,3.0703229264815763,2.3918746319151802,2.466722082864459,2.2560589762052765,4.132837555000102,3.0630465063999712,1.833739524143268,2.735321217695553,1.845724849155882,3.8646291385959244,1.6695594474848372,3.1950096367469047,3.4271077258478138,3.171959015591483,2.4008163731523937,3.3384212893140823,2.7053046633183047,2.5138708501716405,2.300207167526217,2.9804123396618283,3.1516635539533775,4.372303157362362,2.5529743251866717,2.2679985281358133
2.854363004449078,2.103558916579756,2.797132170497373,2.501933365758622,2.855594955189063,1.7241696053930393,2.3089972718475185,1.9954319643081888,2.58044074390426,2.313639134306856,2.293786076450203,2.4041436592685415,3.5578364926784425,1.2323413076632377,2.589192595130473,2.180433693739764,2.9772376337597692,2.5938609252700724,2.9575624191397814,2.2451075996807224,3.377487010175339,2.4180803375837767,2.6348604949335606,2.290254702381209,3.097354600170457,2.2570884343906576,2.723272195076847,2.232375257906444,2.194949923105735,1.9352836411455951,3.365980652174987,3.0248018054089956,2.3916676497687823,2.500681469928448,1.956831745732348,2.781597424873729,2.633595720851366,2.3372704415252326,2.7434089669636923,2.3673978266690288,2.2956592444095856,2.675664210146157,2.38281310958788,1.947966233449684,2.074756227467518,2.6232540137353166,2.3361521464222776,3.3372338486028976,1.8820534962305246,1.7254189003912792
3.5424359551442333,2.1277964008385757,2.8684163298429826,3.0135048714379407,2.514752076403604,1.867716181986802,1.7441565901643767,2.766519787394643,3.4546313717974573,2.813308291366502,2.4923700753126528,3.1455376441028142,3.003396474707223,1.4338711958083519,2.705626267162171,1.7681355440063735,3.666693843111863,2.3049271846401185,3.2569414213705774,2.6127061158607368,3.0037820863952005,1.5550076542479947,2.2908755563715664,2.8944396287091965,3.3259474919163203,2.361598063925355,2.633585467415804,2.383190323444441,2.4166281272019234,1.510768516255408,3.0482028597204693,3.182875509174321,3.0792975775072877,1.0734940308527718,2.212413803876962,2.049312515196757,2.81640752483684,2.788993307176725,3.6211316800709885,2.7620181956378422,1.5995787379308792,1.3716536777337032,2.172185855316674,2.8585316041155,1.9226983608462307,2.344647177925497,1.0281101291331871,3.3918524440249342,2.4956537644735586,2.3374369455747686
2.6617664916212886,2.15520766546067,2.311914962420599,2.959410353935789,2.332085416129833,2.328839230313276,1.0,2.2821478279062055,2.1107047630997906,3.0246938051980816,3.1327859284691413,2.0605119711842983,3.5057213853860008,1.4013383844143394,3.460278201375809,2.826434932801329,3.189665454808972,2.572073526317321,2.876324958521768,2.376789014517232,3.716682655604379,1.628598886100864,2.5267147304042665,3.354443207898534,3.8752701534738585,2.588358588514932,2.653094926332437,2.3816125616513224,3.2705783540397046,2.246705803455198,3.563532881595468,2.322145201028632,1.9393855386503078,1.8281960956544694,1.3110088332354768,3.6712449849432103,2.214877746128696,2.7486615965356926,3.10607086046804,2.492600769750771,2.267344021541104,2.9152194205926243,2.161172471903511,2.7702122023384317,2.3451838599215957,2.4067357491458834,2.587972353446084,4.525673190435763,2.33353555837358,2.2707564373260536
1.939657338370589,1.9857319047629367,2.309154587247933,2.6156098541929627,1.5490410436349895,1.9209850972294138,2.629517183544457,2.3282621921133058,2.2142135876975906,2.014962538215349,2.8987960204082723,2.2262616144719,2.62243013498147,2.041532626657064,2.3813140800522348,2.250875256487929,2.729177908364906,2.1580578208221373,2.405934521489173,2.5510938256584685,2.9556742730881105,2.5688063682048368,2.691228862812357,2.5503007855122384,2.941815054880465,2.616236314340267,1.7184359867194532,1.1355366232597701,2.0570333469366178,2.3841523979801766,3.481729226239451,2.1396354541615046,2.5577911550415977,2.2327204105978486,2.44619853338557,2.8565346285481734,2.3146686236107716,2.5985030419349915,2.7135095733759056,2.0178511482888544,1.3722992025325431,3.524718659592537,2.2940918219825104,2.5907872612016885,2.6394977710163827,1.8485462093979428,2.8439153336031104,2.7863739749052936,2.1078994663109065,1.75363822007922
1.8938432769187026,1.8109640732105572,2.43916343389631,2.5883525212127334,2.039262911640237,2.0573640872812673,1.9008686041240797,2.7672209743766194,2.4486174232907243,2.249580603006216,2.7825063774341947,1.9611190000137841,2.8945568841835105,1.1856149524240152,2.81797577666444,1.7156442557223657,2.73733538594373,1.7293736634169488,2.28516043674698,1.7024805741373654,2.5183622325933315,2.026356152505228,2.563709028666951,2.5086158869045803,2.80883639558779,1.8970114932513078,1.6469568105184904,2.267455639842092,1.6800327122060383,2.632855103527392,2.3377114270228496,2.282550268599283,2.3245763954008205,2.3108500944778934,2.115988623792634,2.446080654705143,2.2604041707654217,2.5636684305979682,2.5544748239047084,2.2709751661206905,1.9416103197238872,2.634020180421429,2.4088015653034147,2.41425173195611,1.8147730104743802,1.3098211624782972,2.120338259967456,2.7784029692674155,1.8104175634770467,1.9486158090555448
2.3515051605546833,2.27064564345594,2.1376171323718784,2.038607691311387,2.480052767427863,1.821112362314902,1.9951735682252245,1.92765190698772,1.8983133185189327,2.316656606647111,2.4952190371929936,2.22961572260537,2.785780585383771,1.0000943038228178,2.5404557609418896,2.608345914373449,2.397507739048353,1.956875120512359,2.6650655143307977,1.8120745901137427,1.9392020024985555,1.8914008425076558,2.282217146050567,2.1783144533965744,2.828569681066641,2.2868663958089086,2.3563924999076713,2.2848782360451376,2.9265869649032568,1.7000790779739083,2.665464001401663,2.1145773359155444,1.799958336002828,2.2103623357799873,1.5881590575445466,2.6302684612035763,2.6342409200433354,2.042141347182518,2.2328078157023916,2.1237445929633574,2.2135014289375925,2.4256042850014703,2.565945442644773,1.5820326017927964,1.0756623924648268,2.079242139078429,2.4547059186455082,2.22322518709909,1.0163484890825962,2.1656627341731203
2.0876531978032182,1.526028352554994,1.6100434548114098,1.8989755985764667,1.621045897540886,1.4456092406659318,2.1918326064036906,1.14784235727678,1.6540829814162636,1.3852633563547643,1.8709935247543632,1.7332831833526523,2.1710766666502446,1.3872577169372997,1.9172107711317479,1.7280193935256594,2.661352765213906,1.858001493955296,2.185817653186331,1.4103630169094625,1.4687057220237918,2.7474723387757005,2.2744163240008817,2.3141123852849605,1.4844993659097914,2.2048432402846383,1.983078853048077,1.5200662697010978,1.7853707517332593,2.142738033790711,1.9873475974822141,2.351838096148658,1.59238449579615,2.0571635771257366,1.673433412264973,1.6013995073932954,2.485732905881225,2.080676966551756,2.395137379060096,1.9329274064814552,1.0384674683647428,2.404404082601133,1.852806585765141,2.3099544226422717,2.2426847428620995,1.3157751906400241,2.112844818493478,2.792833572486247,1.9431341050401723,1.6454699938099746
3.5854743645362355,2.226180316743888,2.6482556835916453,2.656527778195821,2.540436219676824,2.116143326021645,1.8302043430426065,2.874821939539985,2.502118901599704,2.5010708184099135,3.4566722282071933,2.3428509640171353,4.188820799528248,1.3741959987399452,3.5655787934544527,2.8107634387013825,3.2783547356380125,1.8445012636380294,2.6281980551167354,2.63222194202691,3.035492051373169,2.3921030279712796,2.785938964952649,2.8291134770363175,3.1075229757552645,2.455762163500001,2.6160983062596834,2.179464282146467,3.0311130281095675,1.9619654203208705,4.340260642285597,2.366405636226852,2.6776128373446504,3.2632070731606415,1.7363218137861134,3.0859052419316746,2.1510787382218926,2.9595846707259383,3.473044249575266,2.797817562613456,2.656821822261646,2.7925008908668336,2.2643920390402066,2.9806495103852395,2.373091706036142,2.238519312514493,2.2278864545649615,3.630331148449725,1.6196212448079015,2.025486662941409
2.282000590255121,1.5998292141182584,1.6819771196806446,2.4114385934018068,1.8991418610915816,1.516203028388616,1.5162090379793385,2.42827393013198,2.240414027240687,2.16942035301094,2.359713588312137,1.6204541437996665,2.6900122078447253,1.5535298833963007,2.318200086952657,2.354534043711487,2.2958569961719015,2.5156438609011773,2.309458823142918,1.8786676174568346,2.412740906683495,1.6227869038365976,2.42598250534038,2.055803419753192,2.5175835475151525,2.3889480454187764,2.10760562410436,2.3095972521078747,2.619519868591845,1.6598690542851906,2.381156329598073,1.879837082497897,2.2177929062934996,1.893565394138662,1.9013103195816814,2.2307168893029115,1.5438119343596228,2.417033795521944,1.758167339038684,2.1864065673613995,2.2447980929208295,1.8953086260669503,2.782443805145197,2.46055112733056,1.7628854615193028,2.116988433840525,1.7842114537194513,2.195450710167733,1.684674957161417,1.8226356630412028
2.9504967401853532,2.278815837967114,2.50146749018688,2.810867366592354,2.688161192903907,1.9569206185628234,2.08157624437224,2.5022015750871303,2.595722781050816,3.0308413486202337,3.2256392771840607,2.295981787867996,4.126719386150986,1.8264582801422111,3.522174174692086,3.19998697785622,3.235774118864235,2.6360873625224963,2.9089703547310437,2.623135845719716,2.680128845584291,2.698625798362629,3.0862602946984246,3.241148053606057,4.084055304406288,2.8716989273230227,2.012410312994562,2.875153426186823,3.1154930435640806,1.7310976248726881,4.115977886892419,2.9611956909465875,2.078087636737187,2.8023074041327556,1.7641747666893406,2.9148505926318538,2.1644472584556347,2.729847894919848,3.4046946611653723,3.0962672794668262,2.559243562649274,3.018402666052291,2.9982406676239437,2.943219033843305,2.6043608361503194,2.194939558321063,2.264726666373982,3.5025211474045514,2.3967593033725745,2.5200480165807866
2.7578641805915014,2.3628862094993557,1.8863996399718237,2.4878823587063255,2.215459772990088,2.163666604656426,1.838976019213002,2.153573854047479,2.5915345024079564,2.637356252143706,2.3327435925607256,2.178455344691848,2.5187990781045015,1.0,2.7286578658622784,2.2826471574194884,2.822781378764502,1.6674646298595932,2.30528544022405,1.3755413747799763,2.9997481703045614,1.6193706548947169,2.6984533159554505,2.834999746985169,2.6145501581542723,1.8007787221099656,2.4375052533880033,1.846597730496231,2.3448766105077072,1.668497043797251,2.025272443427837,1.693711364992038,2.141279025471275,1.9646394483949874,1.7549259704664586,2.7226506728260533,2.509013067326437,2.3416288359658317,2.362067177485033,2.470769271512281,1.689576587440624,2.208635962284753,2.4814765140758603,2.613987503231424,1.4039256012848877,2.0314359899963454,1.7383233368132387,2.886248003249559,2.0235825712902944,2.499747948724569
2.9530819059624434,2.16820422905335,2.956475357722039,3.514921136667349,3.016475460849342,2.3348102700533278,1.9135714988216481,2.491621248013208,2.070618424154113,3.148089483695174,4.154185896047597,3.340581237071484,4.6834989263229465,1.9935185758293235,3.801126955115161,2.934689155950353,4.342216221333737,2.793045876271791,3.8551374146407453,2.8676154125350686,4.067473637136338,3.4167505868898798,4.544891702054145,3.880864715045136,5.0,3.5159729193930316,2.4908786774756915,2.420367784967658,2.4488530984936383,3.110216015929291,4.097924401913931,3.2623659617460437,2.2404589334894918,3.587558659012648,2.0480479364437802,3.8067552876369497,2.572444397379955,3.3320325744991517,3.704925082534338,2.944001637309038,2.1017295663410813,3.5093737793623765,2.9199596914878585,3.157123291071345,2.929545832136689,3.2813327944207527,2.890529066969644,4.904084450892082,2.008012079137645,1.6836435509199263
2.951435712436662,1.963924687282705,1.7409898348093247,2.876469230784626,2.84639263869048,2.4108883175913784,1.8907497825873996,2.922201918472533,3.296302346735001,2.9190778281350602,2.6217299139790495,2.9606858740343864,3.1151410669624306,1.0,3.06848113293701,1.8935839239391818,3.6193650258466974,2.892936793144021,2.9338193338459013,1.9743344663229134,3.103592882838999,1.8848037067907328,2.4479131147049693,3.69856159411207,4.126631043687865,2.787080281368253,2.3806629311986636,2.4738527053504953,2.37487676678901,1.6974868846361673,2.626001615690344,3.0645226076093337,2.4026686850792323,1.4356645976243922,2.132606460521301,2.9379761461897034,2.5795896385388004,2.8349314327369726,3.041224849402447,3.205304395467541,1.8375804523618857,2.3436536941202446,2.216495234952693,2.438311076081471,2.4703016333358563,2.65716162207025,1.7240403221487266,3.7175069076294984,2.330393714933509,2.2021736154420575
2.547480064778094,2.077417826166209,1.9789203332035346,1.7037310361186768,1.8453065050799293,1.510302289173316,1.2800496769193235,1.927184833488148,1.4770807134517934,2.005536108480481,1.269479330460002,2.317201130881558,1.492832888198866,1.71923329472041,2.0523288731094538,1.362908229068686,2.055350828013902,1.5315050507803076,2.1480424682575534,1.8746255740796942,1.5086626315852758,1.797299190269764,1.9742281204269556,1.514237577973835,1.3840708040938898,1.6837070765758366,1.4142872446441168,2.1679107521526033,1.606310560807426,1.862139827967265,1.9841264574837256,1.4761093190639227,1.654120161411846,1.5945000723854297,1.591202222127642,1.8580356932823432,2.090733401250501,2.1594197429949262,1.9142591096623751,1.7029786391556978,1.585070040488716,1.3898860830568112,2.0337417685451595,1.0864281085384802,1.9372498616642584,1.681430714720278,1.4756958776604499,2.15981196875029,1.8879941604161978,2.1756225810523757
2.8431063484645613,2.5395565588889077,2.984193324278868,3.131065378702428,2.1876274275509595,2.1964688080655854,2.1224042078907117,2.923309022282759,3.44508628897474,2.5577787272392962,3.4250878399921008,1.9848485800674087,4.06806978182757,1.2713882667437884,3.3132368130664185,2.407575133119226,4.074338638130007,1.7773530024821729,3.115545359269483,2.172920891137461,3.4215509226040925,2.6041744957536697,2.626676148916784,3.568403368758962,4.164224703256901,2.980034034707367,2.4152125399139828,2.102288297632338,2.8983601151550173,2.364782170956604,2.64082479968095,2.733905069026167,2.5533545993507296,3.011313313011985,2.118148214106844,2.6925860338594054,2.751389021241235,2.6231530690243177,2.167111021488368,1.7394114263021736,2.426681829712835,2.983183484741013,2.679497519763221,3.4242084232921024,2.420939324297293,3.249664470539757,2.0269180467218373,3.8972041651898905,1.5917489707567816,2.12523776507822
3.074676714063309,2.4906937354928065,2.1057056167708916,3.262972316665399,2.963892200355402,2.7292274997609156,1.5029310893950139,2.417560480382183,2.2695787808700727,2.479752230067507,3.2051054604717404,2.4903357277405678,3.1195619018341616,1.2292838960883745,3.367502257469265,2.3295281983741467,3.3115367975962084,3.15081221824284,2.7173579989325263,2.5651149622913483,3.2868803846839136,1.8117585012086301,3.073815176620821,2.578224297799141,3.9323668198582458,2.499817075041309,2.6650603707756018,2.188237130941815,2.5722842368428855,2.257490591047772,3.203826620480387,2.5046173420318194,2.510632783643402,1.5691224427966466,1.3245996974552467,3.285266174003375,2.007757575818841,2.7563683519328857,2.932831473253356,2.9329663632682266,1.8023021041183829,2.048605220283612,3.0805100536842214,2.663331977803024,2.635745042533517,2.100144690296549,2.1947544105069774,4.029922093086576,2.575520292244235,1.8719545131286317
1.462378667652035,1.5324293245193306,2.33943737358945,2.598564898313135,2.0889859882523347,2.2444361360290888,2.750376109930941,2.2543062003874885,2.52936761431117,2.148308151771647,2.870656954298803,2.4602255502958292,3.066538023735777,2.0884716077801073,2.698445596013102,2.731201045225795,3.840929940686753,2.45977258265009,3.304002849100823,2.2515012652233657,3.54845258569029,2.70676632494019,3.295888004519825,2.781107763055118,3.6812551833847578,1.9225341368675988,1.840016764256748,1.5830268337286812,2.4188081797176166,2.93228913596111,2.7592813232699362,2.453981241759714,1.884487090882002,3.193351882095496,2.2745237660953967,3.956553467653966,1.9208683525360821,2.6907875424249226,1.8430265619693005,2.2839589055548286,1.5865071817928578,3.6945560845951593,2.376182482695196,2.6782977209733088,2.8688416474390275,2.1925771417802356,2.9040471323341537,3.048830644101719,2.183926490557395,1.6652287478403753
2.274206158973087,1.8284466100951167,1.7676531749632818,1.856285621482031,2.0239901271810696,2.204315077829882,1.2385757300771727,2.461786841750246,1.842910122123662,2.377389422498029,1.9169028501809318,2.2522102133342723,2.54859030406538,1.659271769077312,1.9570718504923488,2.3372358982782373,2.1201095012818847,1.8919688827629777,2.557256681667133,2.169598243803633,2.329638609825074,1.2548649990106135,2.279790155848099,2.276615013152058,2.0789041850836174,2.378932043410954,2.139085448420042,2.3445732983975796,1.594098880413192,1.008398966555439,2.0696050600459976,2.1789372258385526,1.4484429573909918,1.6682950696920058,2.465403676746903,2.4855432349245046,2.0749687081677273,1.8988046541872314,1.5346069428370603,2.018657210718545,1.6698474967528656,1.9097546494130495,2.001246179033465,2.0350672526349185,1.841811920275321,1.6259711159458619,2.037959941300718,1.9426353123316873,1.5038391499289583,2.063275360677638
2.5859529020867775,2.055527075300179,1.8037965763977988,2.4774445541333825,1.8309280734189681,1.4273319035800551,2.058290261310093,2.66387860083722,2.853276805057736,2.0460014783247655,2.966437961672323,1.7129266125546534,3.020888591919931,1.6418251314744472,2.7252696496531335,1.973733837563163,3.421371360112714,2.1024572043069236,3.007513016152241,2.1497281809901403,3.012510568830204,2.7352626888817455,2.7441962474778787,2.699918051269758,3.0466554519403615,2.6539565697686025,1.7677601263597076,1.8255761251872413,2.3151957946485577,2.2147059274719205,3.4885828995305594,2.1149748103363812,2.2613162321330984,2.6690298924273583,1.78881234337004,2.959850095332227,2.2466776457411406,2.5653110074246226,2.864525522108359,2.142700029282945,1.4341639488633153,2.886081649620238,2.7044106406653845,2.6207967419594325,2.8886344216298947,2.3627348113438265,1.8615639079040007,3.017872935323167,1.9145167912565113,1.935449431447161
1.9773212863619358,2.9832685881922623,2.2423908397331305,2.8769452419117396,2.4304216805175844,2.6014778032403907,2.3367603528918974,2.9643534298164833,2.6272479129589037,2.1772895328590547,2.3440249204304693,2.145791831925405,2.2887954123564325,1.3338594684998772,2.4181747131046762,1.027728850781576,3.2811027317954236,2.635721921515965,2.7455144438113455,2.1292869593877066,3.98571254380601,3.0874944377776448,2.271210109624668,2.6485886008097483,2.6197512480378773,2.22937685208134,1.2381705334690185,1.4376649248826827,1.569093848799203,2.7378843017041925,3.2877805197934276,2.869965187144422,1.7060675399055145,1.8044304679013705,2.5731152978690606,2.5057718404795066,2.3369633635183233,3.4130181635328363,2.761021760902135,2.8760804578801356,1.3063781192174762,1.7196826029476995,2.452321949418918,2.4950205895558177,2.5705382012131333,2.0039816729778215,1.5723825471663249,2.8432566731452584,2.3317639674830453,1.9928645793075401
3.2313130478376113,1.9732860278615114,2.036252931761541,2.8521201507655927,3.0512058632562966,2.33130913647162,1.5399328739437006,2.2690792789427316,2.617569954618376,2.690257712813627,2.872720634389226,2.957449388540563,4.004021845014646,1.249295074787275,3.107705694874349,2.6697439193021846,3.7822620562631233,2.484210450547425,3.336801327847379,2.7963356776914856,3.5791916347106074,2.113087405675821,3.0107374110778657,3.5337393247966187,4.008581272754665,2.3974212813870874,2.8142549669742705,2.486697602990245,2.4261738729557067,1.7489204517548926,3.577151503886221,2.1495589556111474,2.718552027847743,2.589666619701864,1.5246099726978377,3.260161291326724,2.2590064772858067,3.300915799396456,3.5805235346070425,2.5123239563770614,2.5131876678222755,2.1446496411651523,2.792587302647543,2.528517722505366,2.7157184392982554,2.8433619348036903,1.8809690067234026,3.3080674281635343,2.100325297654917,2.408378726888503
4.286271732304993,2.848978063230197,3.1141705517375318,4.118236070487531,2.686323224231441,1.2085542362152053,2.2579108432899293,3.302706838142051,2.983304202329936,3.16662972909075,3.3556129781383266,2.4798738193642302,4.393749620293773,1.5830927860650612,3.840764360975235,2.182800713741528,3.653607986544668,3.4014160614158384,3.342432882006272,3.1599211508059377,4.198695877109308,3.4071158797525323,3.449451089127472,2.9386653678498464,3.554699107296412,2.4295510765862165,3.0950709514018886,2.1672054201064124,3.3151512518168693,1.4376083420712966,4.3614371628887,3.514124188457315,2.4890346707729925,2.768508313502433,2.6193982138718237,3.660890056542207,2.794572170750862,3.701900355402801,3.7527257099801536,3.990692814724821,1.910275164152158,3.162524497668856,3.262458427760011,3.7969484838901617,2.564047038064299,2.8097249175521157,2.9147991696767015,5.0,2.186785747385406,2.110876355483416
2.6049245717101823,2.099861812717906,1.7986063962999375,2.380041269138052,2.255076372654258,1.6914836410194836,2.72925791018009,2.934029716667425,3.390453766890763,2.324578692689314,3.3380168445404967,2.644062821184122,2.6040821283475606,1.529910738075662,2.4705217997510855,1.2296456270091929,2.7947354834321647,3.3364493189836355,2.6788401178381003,2.044151786505411,3.31023433110922,1.9326972241617555,2.144017803212462,2.3668887846133297,3.6050829353196043,1.826455848855028,1.577247839165049,1.5957602981425854,2.309181891293114,2.249606902714803,2.099969379283997,2.973718534641115,2.439401228458682,2.1669960435904287,3.09739005977098,3.5191485022114275,3.5548036358924535,2.614990407141151,2.7347901874773126,2.510490373057291,2.0689139833724766,1.825465211982233,2.5190912310661884,2.57581802816143,2.727962071120661,2.7770508353865857,1.4317048685636085,3.283699179008407,2.0130221950365033,1.996617426914979
1.9381464555069037,2.0996564370208866,1.9171144460306335,2.286162571533848,1.6651570433242755,1.9683332264502138,2.1744698170384247,2.403777555464769,1.8983851282462019,1.9312207009676687,2.506158212376925,2.5685884193222606,2.294944617802527,1.489472532872561,2.520993520268632,2.3589866886076662,3.024330589315868,2.622613446312029,2.8387167968691593,2.3340447511365534,2.6082490663538604,2.2387529211623622,3.0746673592716958,2.059092248921624,3.382450175727871,2.8552230667445264,1.6135758818151649,1.7265319204766463,1.644298634235304,3.3106909974568453,2.3788888374404857,2.301866887926096,1.9987847270153123,1.8809435878729337,2.200553222784795,4.025112569206397,2.0412484650885228,2.734461473710143,2.3837127860599985,2.045877751823027,1.0,2.5137672969877896,1.8893055859105703,2.6410878903881123,2.5860312621146826,1.7923593036930907,2.6705575334704994,2.7612411757728403,2.4064102067797934,1.5465903359116808
3.3499224895499466,2.02811002065651,2.3704072151733913,2.7208146256027113,2.1894352296348227,1.263236579760356,1.4466762094291996,1.784281384222212,1.1175343169771577,2.2576064747532074,2.0134549457644466,2.6876771191313926,3.2108302693987567,1.1896311153313999,2.9586350132798476,2.412769790750313,2.405014374736026,1.7812332238575592,1.6835865204653424,2.4606795217015986,1.4729531178362605,2.5636024864665115,2.6793025279977676,2.2291819997549216,2.4869181035393737,1.73891850371486,2.395289342907735,2.248525955068956,3.002242691510398,1.3369506287185537,3.5630283525294355,2.4759645070297855,2.02966234465769,2.636562881867983,1.0471069171187943,1.705030292121233,1.8892564154635274,2.493515767160605,2.4980178185007347,2.0742055119593186,2.359309538759377,2.3623536797134532,2.537218599736361,2.3584704888528116,1.9428608190912477,2.192324656337951,2.1595783396866777,2.268493297969003,1.8055923841226622,2.2151748298488543
3.4547630321942653,1.7468038640802128,2.1518016311327908,2.197301510062601,1.6989417517188414,1.4846880367924078,1.8240809664886533,2.9875816123642913,2.1757406828155874,1.6952499752199843,1.9235099790616212,1.370785234376986,2.096022652846034,1.5723682979462914,2.3662970017384612,1.530451975478992,2.0569880233224085,2.2230362004025768,1.649394548068639,1.6046237550479168,2.1477212615110486,1.7825888076552943,1.7073918981348633,1.69067043936086,1.897664350540819,2.286625955518952,1.5047306641781082,1.1127407524354256,1.9880070597480923,1.5301653166690388,2.3799081733331784,1.9221739017327935,1.7214596066611414,1.4776133300830192,2.34372165188747,1.0,2.0801746022826473,2.3098879068971794,2.040618716979483,2.8302293255510054,1.8494415334937686,1.3213721092631037,2.339107029841101,1.9960668224176636,1.572485549063309,1.7540398550067284,1.8881583252153387,2.057708174665772,1.2855989292947783,2.263169699686999
2.771012970521812,1.857849671304371,2.280199623604073,2.7435609923645017,2.7024418936273067,1.7633567871950577,2.3363937174101874,2.0034701105469663,2.0379951650368353,2.2110726292768317,2.2882176594253494,1.75031989091705,2.639482394901375,1.7267395004478805,2.662799111521768,1.8021373121005728,2.4902250557310417,2.116053316545275,2.028761930740952,1.663345410856237,2.8754509322416566,2.3953835303370865,2.222456351897051,2.0526168562266234,3.1212035770046747,1.5957060128861504,1.9840825887600058,2.0520875568513346,2.5628536785638705,1.911295733316842,3.345960767316899,2.4245061673189783,1.6471384033547098,1.9579859040685923,2.208231427307574,2.526648159649412,1.813037968614292,2.7680220831097415,2.464400414380785,2.5372842583462423,2.199656114432823,1.7376409088032705,2.5212288757544727,2.7004918449697635,2.3095531303642827,2.168359975289966,1.7918935106472558,2.052853452762905,1.7864370820772615,2.1934984963531683
2.8813707704740352,1.995006990988492,2.082648171233325,2.303193479025998,2.1886724794091315,1.3910898129868485,1.625985765233952,2.1565860126829692,1.8886664880930581,3.136239354577067,2.859542495994474,2.065634528927202,3.1513662790342583,1.5042859648635283,3.275369055115958,1.7181999887322381,3.1961974349424604,2.2956400090116365,2.053526053566006,2.436099961455602,2.988358118770181,2.961735017555752,2.0707527026076638,2.8139435518220237,2.7405519169088626,2.4097480905697126,2.035407508517295,1.6995525783209395,2.2845807992369527,1.6627348963462958,2.7424720681060673,2.6783103257035545,2.347638281304468,2.0626481400815577,2.331262158639469,2.4354691693034978,1.8730440204672538,3.0559324832025463,2.701785090516727,2.943224655533228,2.7214154501850447,1.9633587951602696,2.070658665258185,2.2587459594137225,2.563207914804661,2.1970913682042132,1.9139622644070242,3.2288614606313444,2.077027125797676,2.245687567884936
2.1949728593127857,1.7704827603078788,2.142034228095191,2.166337366820862,1.9280472946327851,2.0280360665118953,1.6321567701081874,1.642049435480216,1.7358651940942669,1.7222506531815243,1.8253230885114335,2.2584090187456844,1.8973453161113194,1.6019659357841096,1.9028201432579528,1.6788517815698898,1.5645729291007728,1.8877809430958075,1.7958909129255969,2.0017131443580793,1.9656233860388705,1.370539691812076,2.118202967975962,2.025371473482777,2.05150873735584,1.751930750087954,1.9162479533442425,1.9990440460303507,2.1822512255322177,1.011419820938917,1.8187484588744012,1.8676023784949947,1.8989073625337922,2.043610837114449,1.4812735749035029,1.6237070806848262,1.7153139796401726,1.708391471271491,1.9854433906105498,2.2582609956727353,1.6839391995688089,1.7153687733762577,1.4363318860859389,1.7802305902312674,1.6642898689758048,2.4087386907796358,1.5811859804933475,1.3830582774101976,1.0953120860465095,1.940791778328833
3.4711584805835667,2.336726848599547,2.5700854109854414,3.469694644220236,1.8361082915141433,1.8446361052233256,1.8924227163409755,2.3602351919942457,2.2589127059101237,2.297243334441148,2.791680330930195,2.437050779037456,3.238295886765581,1.484991325160839,2.9356650637017228,1.2201285445791348,3.591643058332758,2.599408371613779,2.6779586080934834,2.802100301429832,2.79302785331919,2.8272539925880573,2.7231121068041215,2.848681171730413,3.0358949606963463,2.655110803066562,2.722541495733803,1.0106311330468571,2.6374272271389056,2.0162415282504975,3.5560892149554864,2.51056820713927,1.8691147839979652,2.90882131354733,2.870158763711605,2.5656357130725946,3.105733290159168,2.632487915603166,2.4099215278289967,2.001015674432344,1.9035486244679272,2.6992710693326547,2.801710811782473,3.1213533139742986,2.200851448894956,2.641252374747411,2.5159992238543065,3.57513489720807,1.1562146808036555,2.148064310269751
2.2944275941716383,1.882981069327931,2.4815866529735158,2.492946482125452,1.9677973488703207,1.8567022352382272,1.5481986466007367,2.545920785186895,2.3096686996817675,2.7764261545010256,2.607249360317171,2.0349378128651345,3.014300916759677,1.8023283692608387,2.755188803510484,2.624429211451656,2.6099172515799416,1.5771896281156477,2.391996416953746,1.7320251472392276,2.6763467212725316,1.7898966262287794,2.941061744815058,2.700902519447394,3.0893717207572826,2.408177971802206,2.783314986898865,2.3115912999431067,2.3953262096578314,1.2847461304910999,2.7355608620920435,2.2824137176654262,2.2121903780297054,2.5757842376166806,2.1273181717102316,2.5136246059969265,2.0874389588375,2.8189021624368227,2.594953873530754,2.2175536986902684,2.095861920314577,2.4460748681569857,2.092381276229056,2.4567581814539823,2.04442592840163,2.3803042283246656,1.900426743266362,3.523852958678448,1.928484690235428,1.6818198616993958
1.952423296005719,2.155948232783118,2.3369932313694246,2.34171221741976,2.268379589658133,2.575305329280633,1.83208859416768,2.5315996419719764,1.7971502070432146,1.9577488794035285,2.4531925813949056,2.550125642566124,2.548010390647786,1.7172379905391948,1.6124851938109939,1.8921367201080013,3.2925080402202966,2.5042341257478795,2.7684262354052533,2.397267558538054,3.5568602445800437,2.807991452958952,2.789815294138039,2.335507671270363,2.999359940169657,3.364283345848186,1.263113023333155,1.0302824555792571,1.221343944784237,3.293063566419012,3.4886455929900695,2.4508102794717512,1.9122279817097625,1.770012161932379,1.4643938707359538,3.3191122187111923,2.3651935041150476,2.983404004098948,2.3445528902703936,2.4255796920621107,1.0,2.713626670328806,2.3858339542369102,2.8597735283488164,3.1958636197908628,1.3878514365702905,2.2445402315716896,2.982014391228757,1.9386854157540367,1.9811526483850361
3.758664966016452,2.733608215642461,2.462801468541669,3.030300347482494,2.9223686528314774,2.722868779285194,1.6048306551477602,2.539471716611477,3.1053631063750884,3.1448050572839494,3.6336147701203436,3.232555079482594,4.178146413074408,1.3274695563641594,4.073005453150891,2.133901795829312,4.745275510055184,3.3238093988239825,3.2763031295730913,2.250786567265057,3.8797350143173133,2.155426999290177,3.5691674782631706,3.4880464899039367,4.538783333110926,3.026629855499513,3.0589452649217255,2.0235013129830492,2.431259371754555,2.5409205028959168,4.073717092977816,2.9996201244913427,2.8150651357603067,2.227162229831127,2.053958453632865,4.827036332046136,2.4688307356364327,3.544617499013534,3.338697208684664,3.7227923324206644,2.4041478114866845,3.0512559283333993,3.6350473653551445,3.0308715474961927,2.917294464208314,2.1428380990619766,2.95079095300036,4.865784106055893,2.566833684370101,2.5814552645563067
2.0199249841084517,2.09910506452115,1.8129282545163283,2.4052705024710983,1.8923140218763606,1.3247718008741638,1.8530919114025755,2.48960646402606,2.1924763390045956,2.1844708501338963,1.6376319718653023,2.0158746326729555,1.7593679164762939,1.8995994169774681,1.9724956487182832,1.6364890617142465,2.696963850892493,2.4104777135313062,2.1274313016280173,1.6439590938585449,2.2483618993539425,1.910831380330666,1.8324216574793002,1.9196118154259625,1.7217370441231554,1.3886792019852252,1.4893807109846675,1.5688865909778227,1.3058168131653296,1.9298759829649794,2.718348192627785,2.3330410909096675,2.289130197149976,1.5656178069858815,2.396800741926517,1.719268333583057,1.9646557131741709,1.4243395893449446,2.526678015323514,2.6748713453120487,1.526181847279446,1.525731580681432,1.9020733303521595,2.16310333434543,2.6042115456409403,1.2908614863908325,1.8347553061280872,2.202815959347799,1.8597410543508082,1.9462886268464756
2.41145402210963,2.1421543851532925,1.7831711900067315,2.892841239039013,2.64547914564612,2.3177427531253865,1.222617157085597,2.4461456899690672,2.4132567654380197,2.4406823603586476,2.7297711299762923,2.943079333272633,2.9572198141073955,1.5138246539402256,2.435730353926179,1.4788617774346469,3.1949556958120513,2.3322425297256766,2.8613002807992745,2.282425015478303,2.80505371343233,1.415065176146987,2.2681237845038984,2.747637956168571,3.883345839325388,2.6394498075734787,2.2117092111055743,1.9488960869100944,1.5879544611411758,2.4587438776919477,2.3637436409160766,2.6636533988645583,2.0200271396950895,1.694122377443395,1.4343886382504445,3.256219933980747,2.758563475452132,2.4102593645966253,2.758639020424404,2.7953389201785397,1.7346435607728323,1.7344031339800876,1.651966443687927,2.558649054522643,2.840775166373985,1.4360609722481366,1.7420317257411726,3.7291717833423803,3.0076089786133933,2.0974131436172905
3.088400059261134,2.0812858870945656,2.487723337022778,3.5176545298126847,2.0956737764161417,1.3771467094615435,2.3023673032084613,2.2090355753602453,2.116049337589875,2.418035061671609,3.018760985457993,2.0498030662807674,4.116022182140783,1.2225276965461445,3.5701233606861877,2.6124975679394473,3.087814929981083,2.432106319343886,2.5479184675532807,2.9782040710958966,3.6102885584939264,3.0898865713160806,3.5581715860181333,3.8778921642883306,3.324864661971416,2.729217097102999,2.7281794416293947,2.7478001821604785,3.265526825892365,1.860924885873397,4.017856665283022,2.629087006124392,1.9177549444119482,3.2842358062813806,1.4701257001574268,2.5661782415926577,2.3336155274105264,2.7541032254733695,2.8111076735902407,2.549786172349952,2.389026752932137,2.7212610464534333,2.7754677881723664,2.649343355241019,2.5867807463024803,2.6689605403988472,2.731936066431717,3.257803451779858,2.112491072995828,2.278761369593042
2.09980231003093,1.8063047745527265,2.095044979410844,1.859702630932417,1.5302303336493845,1.0739417100966993,2.4783977756975837,2.1394822514531713,2.2115780977380988,2.436496558668767,2.1975921285559328,1.6104682594394726,2.369161673358336,1.9386936394002183,2.1317854089038577,1.4126604219842627,2.346052413116295,1.9716558966173738,2.219559663702473,1.2046480480777948,2.1743694919981174,2.7065660214647353,1.8225807131660634,1.9572545469044644,1.8734804285415618,1.4839504718465975,1.0148581326421486,1.6472795434183258,1.9439388792551293,1.9195209687348465,2.1963613985058954,2.064384723281792,2.2385015794814747,2.0650371962678196,2.174836002578687,1.930063645687717,2.384007170156855,2.5569240312788195,1.6081568673944406,1.87058564393651,1.9887383180518758,1.9463185500010514,2.0289161012343433,1.8473393281846462,1.4234045607710137,2.1726111315365544,1.923628752375321,2.281739351249787,1.5239682202254106,1.5541254981256243
